Date,BTCUSD
2015-10-08,242.5
2015-10-09,243.95
2015-10-10,245.39
2015-10-11,246.3
2015-10-12,249.5
2015-10-13,247.6
2015-10-14,250
2015-10-15,253
2015-10-16,255.9
2015-10-17,263.75
2015-10-18,272.47
2015-10-19,268.46
2015-10-20,272.49
2015-10-21,272.1
2015-10-22,271.64
2015-10-23,276.89
2015-10-24,280.2
2015-10-25,285
2015-10-26,289.38
2015-10-27,288.54
2015-10-28,298.2
2015-10-29,307.05
2015-10-30,314.89
2015-10-31,330.36
2015-11-01,315
2015-11-02,330
2015-11-03,367.85
2015-11-04,400
2015-11-05,410
2015-11-06,379.42
2015-11-07,376
2015-11-08,388.13
2015-11-09,377
2015-11-10,381.46
2015-11-11,336.18
2015-11-12,306
2015-11-13,335.5
2015-11-14,338.45
2015-11-15,349.99
2015-11-16,318.66
2015-11-17,336.99
2015-11-18,334.51
2015-11-19,335.99
2015-11-20,325.01
2015-11-21,320.51
2015-11-22,325.22
2015-11-23,324.37
2015-11-24,322.75
2015-11-25,317.52
2015-11-26,327.5
2015-11-27,360
2015-11-28,360.4
2015-11-29,357
2015-11-30,368.11
2015-12-01,377.29
2015-12-02,363.01
2015-12-03,361.18
2015-12-04,361.5
2015-12-05,362.03
2015-12-06,385.82
2015-12-07,395.5
2015-12-08,398.62
2015-12-09,412.13
2015-12-10,418.98
2015-12-11,416.49
2015-12-12,452
2015-12-13,435
2015-12-14,435.9
2015-12-15,445.7
2015-12-16,465.99
2015-12-17,456.34
2015-12-18,458
2015-12-19,463.02
2015-12-20,461.8
2015-12-21,439.51
2015-12-22,437.99
2015-12-23,435.82
2015-12-24,444.54
2015-12-25,455.46
2015-12-26,458.59
2015-12-27,418.72
2015-12-28,422.06
2015-12-29,420.8
2015-12-30,430.76
2015-12-31,428.24
2016-01-01,432.5
2016-01-02,434.55
2016-01-03,435.75
2016-01-04,424.26
2016-01-05,435
2016-01-06,432.98
2016-01-07,431.1
2016-01-08,457
2016-01-09,456.68
2016-01-10,450.11
2016-01-11,444.6
2016-01-12,451.28
2016-01-13,445.4
2016-01-14,431.68
2016-01-15,430.42
2016-01-16,372.04
2016-01-17,384.25
2016-01-18,383.9
2016-01-19,385.03
2016-01-20,380.58
2016-01-21,417.51
2016-01-22,412.14
2016-01-23,393
2016-01-24,387.8
2016-01-25,401.74
2016-01-26,393.08
2016-01-27,389
2016-01-28,395.54
2016-01-29,380.92
2016-01-30,379.39
2016-01-31,378.33
2016-02-01,370
2016-02-02,371.74
2016-02-03,373.2
2016-02-04,368.7
2016-02-05,390.17
2016-02-06,387.21
2016-02-07,375.31
2016-02-08,376.03
2016-02-09,371.47
2016-02-10,374
2016-02-11,380.07
2016-02-12,376.09
2016-02-13,383.85
2016-02-14,386.51
2016-02-15,406.18
2016-02-16,398.27
2016-02-17,406.72
2016-02-18,415.9
2016-02-19,422.21
2016-02-20,419.04
2016-02-21,440.75
2016-02-22,439.28
2016-02-23,436.45
2016-02-24,418.77
2016-02-25,421.32
2016-02-26,423.98
2016-02-27,427.5
2016-02-28,431.47
2016-02-29,431.59
2016-03-01,437.05
2016-03-02,432.32
2016-03-03,423.97
2016-03-04,419.24
2016-03-05,408.87
2016-03-06,393.5
2016-03-07,403.44
2016-03-08,413.16
2016-03-09,412.09
2016-03-10,410.79
2016-03-11,414.68
2016-03-12,418.93
2016-03-13,409.72
2016-03-14,411.18
2016-03-15,413.99
2016-03-16,416
2016-03-17,416
2016-03-18,418.95
2016-03-19,407.59
2016-03-20,409.88
2016-03-21,410.99
2016-03-22,411.4
2016-03-23,416.83
2016-03-24,417.01
2016-03-25,415.55
2016-03-26,416.11
2016-03-27,416.92
2016-03-28,424.47
2016-03-29,422.16
2016-03-30,414.25
2016-03-31,413.7
2016-04-01,416.36
2016-04-02,416.48
2016-04-03,420
2016-04-04,419.45
2016-04-05,419.99
2016-04-06,422.48
2016-04-07,422.82
2016-04-08,422.59
2016-04-09,418.39
2016-04-10,416.67
2016-04-11,420.73
2016-04-12,423.23
2016-04-13,426.43
2016-04-14,424.53
2016-04-15,424.96
2016-04-16,429.53
2016-04-17,429.99
2016-04-18,426.2
2016-04-19,427.99
2016-04-20,435
2016-04-21,443.54
2016-04-22,451
2016-04-23,447.79
2016-04-24,452
2016-04-25,461.05
2016-04-26,465.9
2016-04-27,468.44
2016-04-28,448.44
2016-04-29,448.99
2016-04-30,455.91
2016-05-01,450.3
2016-05-02,452.66
2016-05-03,446.36
2016-05-04,451.99
2016-05-05,448
2016-05-06,448.99
2016-05-07,461.36
2016-05-08,459.66
2016-05-09,458
2016-05-10,460.98
2016-05-11,451.75
2016-05-12,451.98
2016-05-13,453.99
2016-05-14,457.46
2016-05-15,456.67
2016-05-16,457.99
2016-05-17,454.43
2016-05-18,454.69
2016-05-19,455.01
2016-05-20,443.01
2016-05-21,442.99
2016-05-22,443.41
2016-05-23,437.74
2016-05-24,443.86
2016-05-25,445.87
2016-05-26,449.9
2016-05-27,454.27
2016-05-28,476.99
2016-05-29,526.87
2016-05-30,519.29
2016-05-31,532.66
2016-06-01,530.62
2016-06-02,539.99
2016-06-03,539.78
2016-06-04,570.02
2016-06-05,573.51
2016-06-06,574.05
2016-06-07,584.44
2016-06-08,580
2016-06-09,581.99
2016-06-10,579.13
2016-06-11,578.99
2016-06-12,597.77
2016-06-13,663.09
2016-06-14,704
2016-06-15,685.37
2016-06-16,692.93
2016-06-17,764.76
2016-06-18,757.06
2016-06-19,755.14
2016-06-20,763.99
2016-06-21,741.84
2016-06-22,673.71
2016-06-23,600.16
2016-06-24,628.11
2016-06-25,662.66
2016-06-26,665.15
2016-06-27,631.14
2016-06-28,650.09
2016-06-29,648.78
2016-06-30,640.32
2016-07-01,673.43
2016-07-02,680.96
2016-07-03,699.99
2016-07-04,664.67
2016-07-05,679.45
2016-07-06,666.23
2016-07-07,674.99
2016-07-08,637.99
2016-07-09,661.99
2016-07-10,654.78
2016-07-11,649.99
2016-07-12,650.83
2016-07-13,673.99
2016-07-14,661.55
2016-07-15,658.98
2016-07-16,665
2016-07-17,663.84
2016-07-18,678.34
2016-07-19,672.74
2016-07-20,672.98
2016-07-21,664.86
2016-07-22,665.86
2016-07-23,649.03
2016-07-24,655.92
2016-07-25,663.95
2016-07-26,656.26
2016-07-27,655.16
2016-07-28,658.24
2016-07-29,657.32
2016-07-30,657.99
2016-07-31,655.01
2016-08-01,622.17
2016-08-02,606.78
2016-08-03,515.86
2016-08-04,572.38
2016-08-05,585
2016-08-06,575.51
2016-08-07,588.16
2016-08-08,593.65
2016-08-09,595.65
2016-08-10,585.76
2016-08-11,595.14
2016-08-12,587.57
2016-08-13,588.83
2016-08-14,586.99
2016-08-15,571.7
2016-08-16,569.33
2016-08-17,580.35
2016-08-18,574.99
2016-08-19,574.08
2016-08-20,573.7
2016-08-21,580.21
2016-08-22,579.85
2016-08-23,586.97
2016-08-24,581.98
2016-08-25,579.24
2016-08-26,575.97
2016-08-27,578.77
2016-08-28,569.82
2016-08-29,572.98
2016-08-30,573.36
2016-08-31,577.91
2016-09-01,574.22
2016-09-02,571.53
2016-09-03,574.85
2016-09-04,600.17
2016-09-05,607.67
2016-09-06,605.98
2016-09-07,611.89
2016-09-08,614.48
2016-09-09,624.7
2016-09-10,622.15
2016-09-11,623.45
2016-09-12,604.86
2016-09-13,607.81
2016-09-14,607.94
2016-09-15,608.99
2016-09-16,605.76
2016-09-17,607.14
2016-09-18,606.38
2016-09-19,608.99
2016-09-20,608.99
2016-09-21,608.59
2016-09-22,595.61
2016-09-23,594.69
2016-09-24,601.25
2016-09-25,601.32
2016-09-26,600
2016-09-27,606.98
2016-09-28,604.9
2016-09-29,604.24
2016-09-30,604.87
2016-10-01,607.2
2016-10-02,614.04
2016-10-03,610.5
2016-10-04,612.91
2016-10-05,609.98
2016-10-06,612.38
2016-10-07,611.8
2016-10-08,617.99
2016-10-09,617.99
2016-10-10,616.06
2016-10-11,617.37
2016-10-12,640
2016-10-13,635.33
2016-10-14,635.45
2016-10-15,636.93
2016-10-16,635.17
2016-10-17,639.58
2016-10-18,637.79
2016-10-19,635
2016-10-20,628.61
2016-10-21,629
2016-10-22,630.15
2016-10-23,656.06
2016-10-24,650.51
2016-10-25,648.73
2016-10-26,649.56
2016-10-27,668.82
2016-10-28,680
2016-10-29,688.99
2016-10-30,715.94
2016-10-31,700.01
2016-11-01,697.7
2016-11-02,730.48
2016-11-03,734.99
2016-11-04,685.62
2016-11-05,706.98
2016-11-06,706.33
2016-11-07,711.15
2016-11-08,709.29
2016-11-09,713.6
2016-11-10,721.48
2016-11-11,710.99
2016-11-12,715.23
2016-11-13,700.31
2016-11-14,702
2016-11-15,707.03
2016-11-16,712.44
2016-11-17,739.99
2016-11-18,736.03
2016-11-19,748.13
2016-11-20,750.98
2016-11-21,727.36
2016-11-22,737.48
2016-11-23,748.35
2016-11-24,742.41
2016-11-25,737.99
2016-11-26,741.28
2016-11-27,736.45
2016-11-28,728.35
2016-11-29,732.99
2016-11-30,732.36
2016-12-01,742.11
2016-12-02,753.99
2016-12-03,774.14
2016-12-04,766.47
2016-12-05,765.69
2016-12-06,754.88
2016-12-07,758.99
2016-12-08,765.49
2016-12-09,768.68
2016-12-10,770.1
2016-12-11,771.79
2016-12-12,769.44
2016-12-13,779.65
2016-12-14,780.64
2016-12-15,774.84
2016-12-16,775.18
2016-12-17,782.47
2016-12-18,789.39
2016-12-19,790.12
2016-12-20,790.2
2016-12-21,800.88
2016-12-22,826.21
2016-12-23,859
2016-12-24,919.23
2016-12-25,893.68
2016-12-26,896.98
2016-12-27,905.57
2016-12-28,932.65
2016-12-29,981.92
2016-12-30,978.57
2016-12-31,966.71
2017-01-01,974.55
2017-01-02,999.95
2017-01-03,1020.23
2017-01-04,1038
2017-01-05,1142.15
2017-01-06,989.99
2017-01-07,893.49
2017-01-08,898.75
2017-01-09,912.99
2017-01-10,902.98
2017-01-11,907.99
2017-01-12,789.31
2017-01-13,813.02
2017-01-14,826.69
2017-01-15,824.65
2017-01-16,827.56
2017-01-17,835.13
2017-01-18,907.19
2017-01-19,878.02
2017-01-20,901.75
2017-01-21,899.53
2017-01-22,923.25
2017-01-23,921.82
2017-01-24,923.87
2017-01-25,890.66
2017-01-26,894.06
2017-01-27,918.42
2017-01-28,921.01
2017-01-29,921.29
2017-01-30,916.77
2017-01-31,923.02
2017-02-01,967.02
2017-02-02,989.1
2017-02-03,1005.97
2017-02-04,1015.09
2017-02-05,1032.98
2017-02-06,1011.9
2017-02-07,1024.99
2017-02-08,1055
2017-02-09,1060.31
2017-02-10,984.81
2017-02-11,1003.97
2017-02-12,1015.18
2017-02-13,1008.49
2017-02-14,1000.05
2017-02-15,1012.65
2017-02-16,1013.67
2017-02-17,1034.33
2017-02-18,1059.75
2017-02-19,1059.84
2017-02-20,1054.72
2017-02-21,1085.13
2017-02-22,1133.68
2017-02-23,1128.54
2017-02-24,1181.02
2017-02-25,1183.72
2017-02-26,1148.77
2017-02-27,1182.03
2017-02-28,1194.5
2017-03-01,1195.2
2017-03-02,1228.9
2017-03-03,1260.21
2017-03-04,1287.98
2017-03-05,1270
2017-03-06,1273.99
2017-03-07,1288.88
2017-03-08,1236.29
2017-03-09,1151.39
2017-03-10,1197.2
2017-03-11,1109.29
2017-03-12,1182.64
2017-03-13,1232.63
2017-03-14,1246.86
2017-03-15,1248.2
2017-03-16,1261.75
2017-03-17,1175.29
2017-03-18,1070.6
2017-03-19,965.1
2017-03-20,1010.63
2017-03-21,1041.61
2017-03-22,1113.81
2017-03-23,1037.97
2017-03-24,1033
2017-03-25,936.83
2017-03-26,966.76
2017-03-27,967.14
2017-03-28,1045.01
2017-03-29,1045.04
2017-03-30,1041.03
2017-03-31,1041.75
2017-04-01,1084.22
2017-04-02,1089.99
2017-04-03,1107.45
2017-04-04,1152.94
2017-04-05,1149.03
2017-04-06,1134.73
2017-04-07,1195.77
2017-04-08,1194.67
2017-04-09,1184.5
2017-04-10,1210.08
2017-04-11,1210.64
2017-04-12,1223.76
2017-04-13,1218.12
2017-04-14,1177.88
2017-04-15,1175.5
2017-04-16,1174.69
2017-04-17,1178.01
2017-04-18,1193.81
2017-04-19,1204
2017-04-20,1211.45
2017-04-21,1238.45
2017-04-22,1250
2017-04-23,1247.66
2017-04-24,1247.83
2017-04-25,1255.71
2017-04-26,1282.56
2017-04-27,1294.91
2017-04-28,1346.04
2017-04-29,1347.19
2017-04-30,1351.08
2017-05-01,1362.63
2017-05-02,1440.82
2017-05-03,1464.94
2017-05-04,1517.95
2017-05-05,1550
2017-05-06,1546.93
2017-05-07,1580.99
2017-05-08,1602.17
2017-05-09,1686.39
2017-05-10,1719.51
2017-05-11,1793.26
2017-05-12,1834.1
2017-05-13,1694.64
2017-05-14,1781.71
2017-05-15,1794.01
2017-05-16,1742.67
2017-05-17,1769.71
2017-05-18,1812.57
2017-05-19,1895.55
2017-05-20,1965.01
2017-05-21,2044.4
2017-05-22,2026
2017-05-23,2101.33
2017-05-24,2261.22
2017-05-25,2436.45
2017-05-26,2330.84
2017-05-27,2267.37
2017-05-28,2096.77
2017-05-29,2230.77
2017-05-30,2284.3
2017-05-31,2197.33
2017-06-01,2303.62
2017-06-02,2412.34
2017-06-03,2484.04
2017-06-04,2554.91
2017-06-05,2520.05
2017-06-06,2689.43
2017-06-07,2880.23
2017-06-08,2690
2017-06-09,2800
2017-06-10,2807.01
2017-06-11,2903.77
2017-06-12,2960
2017-06-13,2656.3
2017-06-14,2715.86
2017-06-15,2459.56
2017-06-16,2416.16
2017-06-17,2484.64
2017-06-18,2638.24
2017-06-19,2519.87
2017-06-20,2594.99
2017-06-21,2734.14
2017-06-22,2645.1
2017-06-23,2689.58
2017-06-24,2684.63
2017-06-25,2572.96
2017-06-26,2497.6
2017-06-27,2415.62
2017-06-28,2573.77
2017-06-29,2554.97
2017-06-30,2549.89
2017-07-01,2456.01
2017-07-02,2416.12
2017-07-03,2507.84
2017-07-04,2540.94
2017-07-05,2606.64
2017-07-06,2625.06
2017-07-07,2605.53
2017-07-08,2493.79
2017-07-09,2547.77
2017-07-10,2501.02
2017-07-11,2329.4
2017-07-12,2305.05
2017-07-13,2383.82
2017-07-14,2343.48
2017-07-15,2213.01
2017-07-16,1967.34
2017-07-17,1904
2017-07-18,2229.07
2017-07-19,2304.36
2017-07-20,2264.29
2017-07-21,2889.98
2017-07-22,2661.99
2017-07-23,2838.07
2017-07-24,2761.45
2017-07-25,2758.5
2017-07-26,2558.27
2017-07-27,2524.52
2017-07-28,2662.99
2017-07-29,2786.19
2017-07-30,2706.14
2017-07-31,2749.99
2017-08-01,2871.27
2017-08-02,2730
2017-08-03,2703.44
2017-08-04,2783.43
2017-08-05,2844.99
2017-08-06,3252.34
2017-08-07,3218.74
2017-08-08,3391.48
2017-08-09,3421.11
2017-08-10,3348.99
2017-08-11,3421.45
2017-08-12,3639.99
2017-08-13,3863.3
2017-08-14,4046.34
2017-08-15,4318.3
2017-08-16,4154.84
2017-08-17,4322.44
2017-08-18,4284.45
2017-08-19,4102.48
2017-08-20,4145.11
2017-08-21,4049.98
2017-08-22,3993.87
2017-08-23,4093.28
2017-08-24,4147.1
2017-08-25,4313.21
2017-08-26,4371.25
2017-08-27,4371.25
2017-08-28,4340.88
2017-08-29,4379.96
2017-08-30,4589.99
2017-08-31,4583.85
2017-09-01,4736.28
2017-09-02,4924
2017-09-03,4642.85
2017-09-04,4607.47
2017-09-05,4278.86
2017-09-06,4393
2017-09-07,4609.17
2017-09-08,4623.19
2017-09-09,4346.24
2017-09-10,4325.17
2017-09-11,4243.48
2017-09-12,4209.69
2017-09-13,4155.55
2017-09-14,3855.01
2017-09-15,3242.63
2017-09-16,3709.85
2017-09-17,3715.38
2017-09-18,3716.46
2017-09-19,4098.03
2017-09-20,3903.4
2017-09-21,3866
2017-09-22,3616.74
2017-09-23,3620.96
2017-09-24,3783.6
2017-09-25,3667.99
2017-09-26,3916.48
2017-09-27,3885.14
2017-09-28,4204.51
2017-09-29,4188
2017-09-30,4182.89
2017-10-01,4327.63
2017-10-02,4388.74
2017-10-03,4385.7
2017-10-04,4300
2017-10-05,4214.25
2017-10-06,4318.57
2017-10-07,4362.42
2017-10-08,4425.01
2017-10-09,4602.5
2017-10-10,4751.08
2017-10-11,4756.22
2017-10-12,4813.85
2017-10-13,5437.68
2017-10-14,5636.28
2017-10-15,5799.99
2017-10-16,5694.61
2017-10-17,5748.56
2017-10-18,5592.26
2017-10-19,5569.33
2017-10-20,5695.01
2017-10-21,5984.03
2017-10-22,6012.58
2017-10-23,5974.97
2017-10-24,5899.6
2017-10-25,5517.21
2017-10-26,5741.66
2017-10-27,5889.42
2017-10-28,5765.32
2017-10-29,5730.01
2017-10-30,6132.76
2017-10-31,6124.69
2017-11-01,6448.36
2017-11-02,6741.02
2017-11-03,7037.48
2017-11-04,7177.28
2017-11-05,7371.55
2017-11-06,7394.44
2017-11-07,6975.01
2017-11-08,7109.7
2017-11-09,7465.53
2017-11-10,7151.49
2017-11-11,6585.11
2017-11-12,6340
2017-11-13,5849.37
2017-11-14,6550.76
2017-11-15,6606.75
2017-11-16,7286.93
2017-11-17,7852.44
2017-11-18,7677.17
2017-11-19,7776.54
2017-11-20,8046.98
2017-11-21,8246.01
2017-11-22,8120.36
2017-11-23,8240.82
2017-11-24,8009.88
2017-11-25,8209.88
2017-11-26,8779.62
2017-11-27,9304.19
2017-11-28,9763.44
2017-11-29,9941.7
2017-11-30,9827.29
2017-12-01,9934.4
2017-12-02,10910.18
2017-12-03,10888.01
2017-12-04,11231.21
2017-12-05,11668.84
2017-12-06,11711.2
2017-12-07,13725.53
2017-12-08,17050
2017-12-09,16250
2017-12-10,15041
2017-12-11,15268.98
2017-12-12,16800.19
2017-12-13,17382.19
2017-12-14,16460.9
2017-12-15,16678.79
2017-12-16,17744.5
2017-12-17,19499.99
2017-12-18,19260.5
2017-12-19,18981.88
2017-12-20,17640.01
2017-12-21,16596.09
2017-12-22,15797.49
2017-12-23,14000
2017-12-24,15002.72
2017-12-25,14100.01
2017-12-26,13986.68
2017-12-27,15830.86
2017-12-28,15418.95
2017-12-29,14488.61
2017-12-30,14574.99
2017-12-31,12675.68
2018-01-01,13820.26
2018-01-02,13338.41
2018-01-03,14740.09
2018-01-04,15148.92
2018-01-05,15199.99
2018-01-06,16945.5
2018-01-07,17175
2018-01-08,16150.15
2018-01-09,14980.01
2018-01-10,14477.55
2018-01-11,14929.39
2018-01-12,13301.77
2018-01-13,13815.26
2018-01-14,14174.38
2018-01-15,13626.27
2018-01-16,13597.6
2018-01-17,11399.01
2018-01-18,11240.19
2018-01-19,11298
2018-01-20,11535.56
2018-01-21,12744.98
2018-01-22,11501
2018-01-23,10780
2018-01-24,10820.81
2018-01-25,11346.58
2018-01-26,11114
2018-01-27,11091.99
2018-01-28,11372.85
2018-01-29,11633.11
2018-01-30,11130.34
2018-01-31,10007.42
2018-02-01,10112.6
2018-02-02,9000.73
2018-02-03,8845.07
2018-02-04,9221.14
2018-02-05,8162.94
2018-02-06,6892.67
2018-02-07,7682.75
2018-02-08,7582.76
2018-02-09,8200
2018-02-10,8697.78
2018-02-11,8553.5
2018-02-12,8073.9
2018-02-13,8900
2018-02-14,8519.07
2018-02-15,9480.27
2018-02-16,10017.18
2018-02-17,10183.63
2018-02-18,11100
2018-02-19,10403.01
2018-02-20,11166.92
2018-02-21,11206.22
2018-02-22,10475
2018-02-23,9829.96
2018-02-24,10161.62
2018-02-25,9697.21
2018-02-26,9595
2018-02-27,10300
2018-02-28,10562.46
2018-03-01,10296.86
2018-03-02,10900.95
2018-03-03,11027.77
2018-03-04,11433.72
2018-03-05,11467.19
2018-03-06,11400.01
2018-03-07,10696.87
2018-03-08,9884.26
2018-03-09,9295.77
2018-03-10,9257
2018-03-11,8769.2
2018-03-12,9530.94
2018-03-13,9105
2018-03-14,9146.18
2018-03-15,8198.82
2018-03-16,8266.99
2018-03-17,8265.81
2018-03-18,7870.99
2018-03-19,8197.29
2018-03-20,8599.01
2018-03-21,8904.23
2018-03-22,8902.53
2018-03-23,8710.44
2018-03-24,8925
2018-03-25,8540.33
2018-03-26,8457.04
2018-03-27,8149.46
2018-03-28,7794.46
2018-03-29,7941.87
2018-03-30,7086.6
2018-03-31,6838.71
2018-04-01,6920.5
2018-04-02,6811.02
2018-04-03,7049.99
2018-04-04,7418.53
2018-04-05,6794.31
2018-04-06,6777
2018-04-07,6592.94
2018-04-08,6895.99
2018-04-09,7022.72
2018-04-10,6771.01
2018-04-11,6830.68
2018-04-12,6939.43
2018-04-13,7920.39
2018-04-14,7875.94
2018-04-15,7998.07
2018-04-16,8357.43
2018-04-17,8052.27
2018-04-18,7894
2018-04-19,8167
2018-04-20,8269.3
2018-04-21,8847.07
2018-04-22,8920
2018-04-23,8800
2018-04-24,8933
2018-04-25,9649.99
2018-04-26,8865.01
2018-04-27,9281.95
2018-04-28,8926
2018-04-29,9343.83
2018-04-30,9393.29
2018-05-01,9244.38
2018-05-02,9059.84
2018-05-03,9211.7
2018-05-04,9727.5
2018-05-05,9691.37
2018-05-06,9812.81
2018-05-07,9599.88
2018-05-08,9361.96
2018-05-09,9181.42
2018-05-10,9308.45
2018-05-11,9017.58
2018-05-12,8451.19
2018-05-13,8466.31
2018-05-14,8685.5
2018-05-15,8682.73
2018-05-16,8475.58
2018-05-17,8344.94
2018-05-18,8060.01
2018-05-19,8230
2018-05-20,8240.01
2018-05-21,8515.17
2018-05-22,8395.71
2018-05-23,7985.77
2018-05-24,7497.47
2018-05-25,7572.49
2018-05-26,7462.65
2018-05-27,7333.2
2018-05-28,7349.12
2018-05-29,7098.11
2018-05-30,7460
2018-05-31,7387.88
2018-06-01,7484.84
2018-06-02,7521.01
2018-06-03,7643.52
2018-06-04,7709.99
2018-06-05,7500
2018-06-06,7610
2018-06-07,7657.92
2018-06-08,7691.26
2018-06-09,7647.19
2018-06-10,7501.64
2018-06-11,6770
2018-06-12,6878
2018-06-13,6550
2018-06-14,6297.7
2018-06-15,6639.66
2018-06-16,6388.98
2018-06-17,6486.86
2018-06-18,6444.35
2018-06-19,6711.16
2018-06-20,6740.96
2018-06-21,6758.31
2018-06-22,6717.88
2018-06-23,6073.38
2018-06-24,6172.55
2018-06-25,6149.99
2018-06-26,6242.53
2018-06-27,6060.01
2018-06-28,6135.8
2018-06-29,5850.13
2018-06-30,6202.49
2018-07-01,6389.01
2018-07-02,6345.53
2018-07-03,6615.13
2018-07-04,6508.36
2018-07-05,6583.72
2018-07-06,6529.47
2018-07-07,6587.45
2018-07-08,6754.14
2018-07-09,6700.88
2018-07-10,6666
2018-07-11,6299
2018-07-12,6380
2018-07-13,6249.75
2018-07-14,6210
2018-07-15,6250.02
2018-07-16,6347.99
2018-07-17,6729.22
2018-07-18,7322.78
2018-07-19,7378.55
2018-07-20,7466.58
2018-07-21,7334.8
2018-07-22,7408.79
2018-07-23,7400.37
2018-07-24,7713.62
2018-07-25,8400.73
2018-07-26,8160
2018-07-27,7926.36
2018-07-28,8192.21
2018-07-29,8234.98
2018-07-30,8216.06
2018-07-31,8166.86
2018-08-01,7725.05
2018-08-02,7602.14
2018-08-03,7536
2018-08-04,7413.7
2018-08-05,7014.55
2018-08-06,7032.06
2018-08-07,6931.59
2018-08-08,6720.18
2018-08-09,6274.5
2018-08-10,6540.47
2018-08-11,6109.19
2018-08-12,6091.87
2018-08-13,6318.21
2018-08-14,6257.31
2018-08-15,6196.17
2018-08-16,6269.74
2018-08-17,6313.83
2018-08-18,6580.76
2018-08-19,6389.99
2018-08-20,6491.5
2018-08-21,6258.36
2018-08-22,6476.53
2018-08-23,6350
2018-08-24,6524.17
2018-08-25,6692
2018-08-26,6730.95
2018-08-27,6706.31
2018-08-28,6909
2018-08-29,7075.1
2018-08-30,7033.83
2018-08-31,6977.96
2018-09-01,7017.1
2018-09-02,7196.18
2018-09-03,7284.57
2018-09-04,7252.41
2018-09-05,7354.92
2018-09-06,6688.01
2018-09-07,6496.37
2018-09-08,6395.85
2018-09-09,6185.27
2018-09-10,6243.21
2018-09-11,6300
2018-09-12,6278.84
2018-09-13,6324.13
2018-09-14,6485
2018-09-15,6523.38
2018-09-16,6530.08
2018-09-17,6498.37
2018-09-18,6251.56
2018-09-19,6339.92
2018-09-20,6383.42
2018-09-21,6495.87
2018-09-22,6759.51
2018-09-23,6710.26
2018-09-24,6702.64
2018-09-25,6577.78
2018-09-26,6433.42
2018-09-27,6455.44
2018-09-28,6682.87
2018-09-29,6621.37
2018-09-30,6580.22
2018-10-01,6597.94
2018-10-02,6573.94
2018-10-03,6498.88
2018-10-04,6465.97
2018-10-05,6549.03
2018-10-06,6581.37
2018-10-07,6545.49
2018-10-08,6573.17
2018-10-09,6600
2018-10-10,6593.48
2018-10-11,6529.75
2018-10-12,6153.83
2018-10-13,6202.22
2018-10-14,6195
2018-10-15,6181.54
2018-10-16,6437.66
2018-10-17,6456.48
2018-10-18,6439
2018-10-19,6391.01
2018-10-20,6386.29
2018-10-21,6413.23
2018-10-22,6412.64
2018-10-23,6407.43
2018-10-24,6395.25
2018-10-25,6412
2018-10-26,6389.7
2018-10-27,6401.09
2018-10-28,6410.01
2018-10-29,6404.8
2018-10-30,6263.67
2018-10-31,6270.43
2018-11-01,6305.58
2018-11-02,6344.3
2018-11-03,6350.98
2018-11-04,6332.46
2018-11-05,6425.09
2018-11-06,6403.38
2018-11-07,6448.41
2018-11-08,6501.5
2018-11-09,6405.88
2018-11-10,6335
2018-11-11,6350.23
2018-11-12,6360.98
2018-11-13,6326.27
2018-11-14,6258.26
2018-11-15,5606.38
2018-11-16,5572.71
2018-11-17,5515.77
2018-11-18,5503.64
2018-11-19,5560.42
2018-11-20,4733.82
2018-11-21,4355.22
2018-11-22,4546.67
2018-11-23,4263.29
2018-11-24,4288.25
2018-11-25,3789.99
2018-11-26,3933.57
2018-11-27,3730.44
2018-11-28,3771.43
2018-11-29,4223.69
2018-11-30,4240.53
2018-12-01,3970
2018-12-02,4141.59
2018-12-03,4101.25
2018-12-04,3835.01
2018-12-05,3903.94
2018-12-06,3691.92
2018-12-07,3436.54
2018-12-08,3377.83
2018-12-09,3394.5
2018-12-10,3529.66
2018-12-11,3411.6
2018-12-12,3347.11
2018-12-13,3431.89
2018-12-14,3265.44
2018-12-15,3195.43
2018-12-16,3184.06
2018-12-17,3193
2018-12-18,3502.84
2018-12-19,3667.82
2018-12-20,3683.97
2018-12-21,4077.29
2018-12-22,3839.06
2018-12-23,3979.35
2018-12-24,3948.58
2018-12-25,4036
2018-12-26,3777.97
2018-12-27,3808.85
2018-12-28,3588.67
2018-12-29,3889.2
2018-12-30,3729.57
2018-12-31,3826.96
2019-01-01,3692.35
2019-01-02,3823.63
2019-01-03,3890.45
2019-01-04,3786.91
2019-01-05,3821.47
2019-01-06,3797.41
2019-01-07,4041.01
2019-01-08,4007.47
2019-01-09,3992.24
2019-01-10,4000.67
2019-01-11,3626.76
2019-01-12,3637.28
2019-01-13,3618.82
2019-01-14,3514.08
2019-01-15,3662.89
2019-01-16,3583.47
2019-01-17,3604.57
2019-01-18,3641.4
2019-01-19,3608
2019-01-20,3687
2019-01-21,3533.49
2019-01-22,3532.25
2019-01-23,3577.24
2019-01-24,3553.02
2019-01-25,3570.25
2019-01-26,3561
2019-01-27,3558.19
2019-01-28,3529.63
2019-01-29,3429.7
2019-01-30,3395.49
2019-01-31,3436.11
2019-02-01,3412.1
2019-02-02,3441.87
2019-02-03,3469.06
2019-02-04,3415.99
2019-02-05,3411.47
2019-02-06,3429.98
2019-02-07,3366.83
2019-02-08,3359.99
2019-02-09,3622.59
2019-02-10,3624.11
2019-02-11,3647.21
2019-02-12,3588.58
2019-02-13,3588.61
2019-02-14,3576.48
2019-02-15,3562.29
2019-02-16,3567.12
2019-02-17,3582.3
2019-02-18,3626.7
2019-02-19,3866.99
2019-02-20,3892.03
2019-02-21,3941.16
2019-02-22,3901.59
2019-02-23,3946.56
2019-02-24,4110.99
2019-02-25,3732.48
2019-02-26,3820.26
2019-02-27,3799.99
2019-02-28,3800
2019-03-01,3791.49
2019-03-02,3808.12
2019-03-03,3812.45
2019-03-04,3789.61
2019-03-05,3700.82
2019-03-06,3845.73
2019-03-07,3850.46
2019-03-08,3855.26
2019-03-09,3842
2019-03-10,3917.49
2019-03-11,3899.07
2019-03-12,3851.15
2019-03-13,3862.12
2019-03-14,3850.96
2019-03-15,3855.87
2019-03-16,3901
2019-03-17,3990
2019-03-18,3965.45
2019-03-19,3969.99
2019-03-20,4001.3
2019-03-21,4032
2019-03-22,3975.01
2019-03-23,3986.67
2019-03-24,3982.45
2019-03-25,3971.53
2019-03-26,3908.7
2019-03-27,3919.99
2019-03-28,4027.35
2019-03-29,4012.81
2019-03-30,4082.72
2019-03-31,4094.03
2019-04-01,4095.01
2019-04-02,4136.54
2019-04-03,4903.3
2019-04-04,4976.94
2019-04-05,4907.68
2019-04-06,5041
2019-04-07,5044.56
2019-04-08,5196.02
2019-04-09,5287.88
2019-04-10,5194.98
2019-04-11,5319.55
2019-04-12,5044.68
2019-04-13,5091.58
2019-04-14,5069.48
2019-04-15,5161.51
2019-04-16,5036.86
2019-04-17,5203.65
2019-04-18,5246.1
2019-04-19,5283.73
2019-04-20,5286.63
2019-04-21,5321.31
2019-04-22,5296.26
2019-04-23,5390
2019-04-24,5538.25
2019-04-25,5445.16
2019-04-26,5138.43
2019-04-27,5140.38
2019-04-28,5174.18
2019-04-29,5157.02
2019-04-30,5149.86
2019-05-01,5266.34
2019-05-02,5329.97
2019-05-03,5391.01
2019-05-04,5660.3
2019-05-05,5769.51
2019-05-06,5715.3
2019-05-07,5686.65
2019-05-08,5745
2019-05-09,5935.1
2019-05-10,6146.18
2019-05-11,6378.01
2019-05-12,7227.75
2019-05-13,6976.25
2019-05-14,7822.67
2019-05-15,7995.48
2019-05-16,8198.47
2019-05-17,7881.38
2019-05-18,7361.92
2019-05-19,7262.52
2019-05-20,8192.44
2019-05-21,8003.97
2019-05-22,7954.49
2019-05-23,7620
2019-05-24,7879.92
2019-05-25,8004.36
2019-05-26,8074.87
2019-05-27,8750.01
2019-05-28,8781.16
2019-05-29,8726.4
2019-05-30,8659.18
2019-05-31,8273.76
2019-06-01,8516.2
2019-06-02,8566.1
2019-06-03,8745.75
2019-06-04,8110.99
2019-06-05,7682.81
2019-06-06,7791.42
2019-06-07,7801
2019-06-08,8002.98
2019-06-09,7936.35
2019-06-10,7643.46
2019-06-11,8024.35
2019-06-12,7920.63
2019-06-13,8176.44
2019-06-14,8256.09
2019-06-15,8699.71
2019-06-16,8853.3
2019-06-17,8989.89
2019-06-18,9331.03
2019-06-19,9084.31
2019-06-20,9282.65
2019-06-21,9534.88
2019-06-22,10233.92
2019-06-23,10676.48
2019-06-24,10842.82
2019-06-25,11035
2019-06-26,11759.9
2019-06-27,12936.45
2019-06-28,11143.74
2019-06-29,12388.24
2019-06-30,11885.94
2019-07-01,10746
2019-07-02,10451.1
2019-07-03,10833.82
2019-07-04,11987.32
2019-07-05,11144.85
2019-07-06,10997.3
2019-07-07,11242.22
2019-07-08,11475.07
2019-07-09,12307.13
2019-07-10,12570.42
2019-07-11,12097.34
2019-07-12,11319.42
2019-07-13,11776.4
2019-07-14,11374.76
2019-07-15,10200.8
2019-07-16,10850
2019-07-17,9429.05
2019-07-18,9703.58
2019-07-19,10647.85
2019-07-20,10535.46
2019-07-21,10753.17
2019-07-22,10590
2019-07-23,10326.64
2019-07-24,9842.72
2019-07-25,9770.17
2019-07-26,9910.54
2019-07-27,9851.02
2019-07-28,9478.3
2019-07-29,9523.42
2019-07-30,9504.23
2019-07-31,9599.07
2019-08-01,10079.54
2019-08-02,10409.99
2019-08-03,10528.81
2019-08-04,10817.34
2019-08-05,10975
2019-08-06,11815.28
2019-08-07,11464.34
2019-08-08,11972.53
2019-08-09,11843.87
2019-08-10,11857.08
2019-08-11,11284.24
2019-08-12,11527.27
2019-08-13,11381.51
2019-08-14,10857.49
2019-08-15,10016.88
2019-08-16,10297.86
2019-08-17,10360.22
2019-08-18,10198.84
2019-08-19,10317.97
2019-08-20,10919.99
2019-08-21,10747.06
2019-08-22,10132.44
2019-08-23,10164.82
2019-08-24,10408.14
2019-08-25,10151.83
2019-08-26,10135.59
2019-08-27,10367.23
2019-08-28,10175.8
2019-08-29,9726.85
2019-08-30,9488.28
2019-08-31,9581.96
2019-09-01,9604.43
2019-09-02,9773.12
2019-09-03,10392.28
2019-09-04,10625.2
2019-09-05,10584.13
2019-09-06,10600
2019-09-07,10351
2019-09-08,10483.37
2019-09-09,10406.94
2019-09-10,10313.99
2019-09-11,10100
2019-09-12,10161.12
2019-09-13,10432.63
2019-09-14,10359.27
2019-09-15,10360.29
2019-09-16,10314.68
2019-09-17,10271.26
2019-09-18,10192
2019-09-19,10162.8
2019-09-20,10239.97
2019-09-21,10168.86
2019-09-22,9980.93
2019-09-23,10031.31
2019-09-24,9693.28
2019-09-25,8543.36
2019-09-26,8431.9
2019-09-27,8065.1
2019-09-28,8197
2019-09-29,8227.28
2019-09-30,8056.19
2019-10-01,8301.76
2019-10-02,8330.62
2019-10-03,8384.51
2019-10-04,8206.45
2019-10-05,8157.3
2019-10-06,8150.97
2019-10-07,7860.01
2019-10-08,8208.67
2019-10-09,8188.17
2019-10-10,8592.01
2019-10-11,8589.51
2019-10-12,8272.76
2019-10-13,8314.22
2019-10-14,8275.99
2019-10-15,8355.87
2019-10-16,8162.95
2019-10-17,8002.22
2019-10-18,8074.43
2019-10-19,7960.68
2019-10-20,7960
2019-10-21,8227
2019-10-22,8212.76
2019-10-23,8023.14
2019-10-24,7468.81
2019-10-25,7458.57
2019-10-26,8670.24
2019-10-27,9272.28
2019-10-28,9547.18
2019-10-29,9219.51
2019-10-30,9432.41
2019-10-31,9171.01
2019-11-01,9154
2019-11-02,9246.88
2019-11-03,9307.58
2019-11-04,9200
2019-11-05,9415.61
2019-11-06,9318.5
2019-11-07,9350.07
2019-11-08,9202.17
2019-11-09,8768.14
2019-11-10,8809.33
2019-11-11,9040.12
2019-11-12,8721.54
2019-11-13,8814.3
2019-11-14,8761.75
2019-11-15,8626.66
2019-11-16,8457.18
2019-11-17,8479.81
2019-11-18,8500
2019-11-19,8174.11
2019-11-20,8120.8
2019-11-21,8079
2019-11-22,7615
2019-11-23,7286.95
2019-11-24,7329.11
2019-11-25,6912.89
2019-11-26,7121.7
2019-11-27,7162.9
2019-11-28,7520.11
2019-11-29,7430.53
2019-11-30,7758.35
2019-12-01,7554.19
2019-12-02,7400.18
2019-12-03,7301.55
2019-12-04,7301.37
2019-12-05,7192.73
2019-12-06,7393.19
2019-12-07,7543.71
2019-12-08,7500
2019-12-09,7528.05
2019-12-10,7340.21
2019-12-11,7221.4
2019-12-12,7200.5
2019-12-13,7193.42
2019-12-14,7250.14
2019-12-15,7072.7
2019-12-16,7120.14
2019-12-17,6881.25
2019-12-18,6615.06
2019-12-19,7292.61
2019-12-20,7155
2019-12-21,7186.87
2019-12-22,7140.34
2019-12-23,7513.12
2019-12-24,7316.57
2019-12-25,7260.75
2019-12-26,7192.6
2019-12-27,7195.83
2019-12-28,7241.66
2019-12-29,7300.7
2019-12-30,7390.42
2019-12-31,7216.27
2020-01-01,7165.9
2020-01-02,7175.2
2020-01-03,6944.9
2020-01-04,7333
2020-01-05,7352.82
2020-01-06,7351.77
2020-01-07,7762.72
2020-01-08,8158.5
2020-01-09,8042.02
2020-01-10,7820.01
2020-01-11,8190.89
2020-01-12,8023.48
2020-01-13,8173.14
2020-01-14,8110
2020-01-15,8827.01
2020-01-16,8813.5
2020-01-17,8715.01
2020-01-18,8900.45
2020-01-19,8907.78
2020-01-20,8700.66
2020-01-21,8627.64
2020-01-22,8716.76
2020-01-23,8664.08
2020-01-24,8391.37
2020-01-25,8425.18
2020-01-26,8330.01
2020-01-27,8583.74
2020-01-28,8901.8
2020-01-29,9399
2020-01-30,9280.04
2020-01-31,9497.68
2020-02-01,9330.55
2020-02-02,9380.6
2020-02-03,9321
2020-02-04,9278.51
2020-02-05,9167.01
2020-02-06,9615.04
2020-02-07,9761.36
2020-02-08,9816.97
2020-02-09,9912.53
2020-02-10,10168.41
2020-02-11,9860.08
2020-02-12,10269.46
2020-02-13,10352.74
2020-02-14,10245.39
2020-02-15,10372.74
2020-02-16,9903.34
2020-02-17,9933.8
2020-02-18,9705.1
2020-02-19,10187.97
2020-02-20,9597.25
2020-02-21,9610.11
2020-02-22,9703.44
2020-02-23,9675.67
2020-02-24,9977.24
2020-02-25,9665.85
2020-02-26,9311.4
2020-02-27,8780.08
2020-02-28,8809.86
2020-02-29,8704.88
2020-03-01,8525.13
2020-03-02,8528.4
2020-03-03,8912.92
2020-03-04,8751.88
2020-03-05,8757.05
2020-03-06,9067.35
2020-03-07,9158.02
2020-03-08,8902.65
2020-03-09,8038.84
2020-03-10,7932.95
2020-03-11,7881.02
2020-03-12,7935.49
2020-03-13,4830.45
2020-03-14,5653.03
2020-03-15,5169.05
2020-03-16,5343.45
2020-03-17,5035.56
2020-03-18,5343.07
2020-03-19,5420.45
2020-03-20,6191.02
2020-03-21,6205.18
2020-03-22,6208.45
2020-03-23,5839.44
2020-03-24,6500
2020-03-25,6775.57
2020-03-26,6694.73
2020-03-27,6728.44
2020-03-28,6378.4
2020-03-29,6258.01
2020-03-30,5882.7
2020-03-31,6406.91
2020-04-01,6428.54
2020-04-02,6666.16
2020-04-03,6801
2020-04-04,6740.88
2020-04-05,6870.2
2020-04-06,6775.21
2020-04-07,7336.96
2020-04-08,7201.81
2020-04-09,7369.6
2020-04-10,7315.25
