Date,BTCUSD,ETHUSD,LTCUSD
2015-10-08,242.5,0.62,3.061340
2015-10-09,243.95,0.6352,3.069130
2015-10-10,245.39,0.6351,3.112350
2015-10-11,246.3,0.5993,3.108680
2015-10-12,249.5,0.63,3.149030
2015-10-13,247.6,0.6017,3.139090
2015-10-14,250,0.5,3.181530
2015-10-15,253,0.56,3.149950
2015-10-16,255.9,0.525,3.108640
2015-10-17,263.75,0.523,3.111240
2015-10-18,272.47,0.505,3.074110
2015-10-19,268.46,0.5,3.030620
2015-10-20,272.49,0.44,3.052580
2015-10-21,272.1,0.42,3.093440
2015-10-22,271.64,0.609,3.080790
2015-10-23,276.89,0.5649,3.120430
2015-10-24,280.2,0.5561,3.112660
2015-10-25,285,0.62,3.109720
2015-10-26,289.38,0.706,3.071100
2015-10-27,288.54,0.83,3.107030
2015-10-28,298.2,0.99,3.099300
2015-10-29,307.05,1.12,3.102480
2015-10-30,314.89,1.14,3.768570
2015-10-31,330.36,0.8676,4.083560
2015-11-01,315,0.99,3.815090
2015-11-02,330,0.9878,3.982890
2015-11-03,367.85,1.06,4.174970
2015-11-04,400,0.799,4.579900
2015-11-05,410,0.8764,4.199550
2015-11-06,379.42,0.9899,3.945240
2015-11-07,376,0.93,3.551240
2015-11-08,388.13,1,3.619870
2015-11-09,377,0.998,3.432860
2015-11-10,381.46,0.9,3.400390
2015-11-11,336.18,0.75,3.117110
2015-11-12,306,0.88,2.972150
2015-11-13,335.5,0.9,3.268640
2015-11-14,338.45,0.88,3.223370
2015-11-15,349.99,0.9193,3.198640
2015-11-16,318.66,0.925,3.066450
2015-11-17,336.99,1,3.190370
2015-11-18,334.51,0.9973,3.198910
2015-11-19,335.99,0.94,3.191230
2015-11-20,325.01,0.92,3.136040
2015-11-21,320.51,0.96,3.117440
2015-11-22,325.22,0.97,3.163290
2015-11-23,324.37,0.92,3.143890
2015-11-24,322.75,0.91,3.130360
2015-11-25,317.52,0.87,3.113830
2015-11-26,327.5,0.86,3.351390
2015-11-27,360,0.88,3.601400
2015-11-28,360.4,0.91,3.575410
2015-11-29,357,0.87,3.534360
2015-11-30,368.11,0.88,3.664370
2015-12-01,377.29,0.87,3.626080
2015-12-02,363.01,0.82,3.430930
2015-12-03,361.18,0.83,3.346720
2015-12-04,361.5,0.84,3.382330
2015-12-05,362.03,0.8699,3.369940
2015-12-06,385.82,0.825,3.525380
2015-12-07,395.5,0.79,3.452550
2015-12-08,398.62,0.8102,3.647670
2015-12-09,412.13,0.8051,3.682820
2015-12-10,418.98,0.8437,3.669640
2015-12-11,416.49,0.8998,3.672990
2015-12-12,452,0.96,3.842520
2015-12-13,435,0.9199,3.596300
2015-12-14,435.9,0.99,3.636880
2015-12-15,445.7,1,3.618420
2015-12-16,465.99,0.803,3.838910
2015-12-17,456.34,0.94,3.704110
2015-12-18,458,0.9,3.751320
2015-12-19,463.02,0.8935,3.765160
2015-12-20,461.8,1.07,3.740560
2015-12-21,439.51,0.91,3.546210
2015-12-22,437.99,0.88,3.458780
2015-12-23,435.82,0.8709,3.432380
2015-12-24,444.54,0.87,3.590190
2015-12-25,455.46,0.88,3.648880
2015-12-26,458.59,0.853,3.641140
2015-12-27,418.72,0.918,3.420320
2015-12-28,422.06,0.8749,3.477810
2015-12-29,420.8,0.86,3.470630
2015-12-30,430.76,0.8925,3.512000
2015-12-31,428.24,0.9488,3.459300
2016-01-01,432.5,0.92,3.479520
2016-01-02,434.55,0.9547,3.515280
2016-01-03,435.75,0.96,3.504000
2016-01-04,424.26,0.95,3.479100
2016-01-05,435,0.9426,3.492000
2016-01-06,432.98,0.95,3.467060
2016-01-07,431.1,0.94,3.450070
2016-01-08,457,0.985,3.596800
2016-01-09,456.68,0.985,3.574350
2016-01-10,450.11,1,3.559160
2016-01-11,444.6,1.08,3.526270
2016-01-12,451.28,1.22,3.553020
2016-01-13,445.4,1.14,3.489980
2016-01-14,431.68,1.16,3.470930
2016-01-15,430.42,1.2,3.464040
2016-01-16,372.04,1.22,2.965720
2016-01-17,384.25,1.31,3.087320
2016-01-18,383.9,1.47,3.019550
2016-01-19,385.03,1.22,3.047660
2016-01-20,380.58,1.54,3.014800
2016-01-21,417.51,1.54,3.384230
2016-01-22,412.14,1.52,3.231050
2016-01-23,393,2.03,3.082030
2016-01-24,387.8,2.1,3.113510
2016-01-25,401.74,2.5,3.187950
2016-01-26,393.08,2.3,3.125370
2016-01-27,389,2.42,3.159350
2016-01-28,395.54,2.55,3.292860
2016-01-29,380.92,2.41,3.138400
2016-01-30,379.39,2.44,3.118130
2016-01-31,378.33,2.2,3.096930
2016-02-01,370,2.17,3.073430
2016-02-02,371.74,2.45,3.088010
2016-02-03,373.2,2.53,3.086390
2016-02-04,368.7,2.57,3.057530
2016-02-05,390.17,2.56,3.171510
2016-02-06,387.21,2.53,3.149970
2016-02-07,375.31,3,3.109600
2016-02-08,376.03,3.16,3.091900
2016-02-09,371.47,3.76,3.076080
2016-02-10,374,4.35,3.088980
2016-02-11,380.07,6.38,3.112140
2016-02-12,376.09,5.27,3.092240
2016-02-13,383.85,5.22,3.118120
2016-02-14,386.51,5.2,3.147730
2016-02-15,406.18,5.22,3.232040
2016-02-16,398.27,4.25,3.202270
2016-02-17,406.72,3.86,3.227310
2016-02-18,415.9,4.36,3.245200
2016-02-19,422.21,4.45,3.260450
2016-02-20,419.04,4.37,3.268110
2016-02-21,440.75,4.63,3.459970
2016-02-22,439.28,5.6,3.465920
2016-02-23,436.45,5.7,3.488810
2016-02-24,418.77,6.23,3.403270
2016-02-25,421.32,5.93,3.386110
2016-02-26,423.98,6.03,3.369490
2016-02-27,427.5,6.31,3.428810
2016-02-28,431.47,6.5,3.414160
2016-02-29,431.59,6.35,3.441200
2016-03-01,437.05,7.59,3.448350
2016-03-02,432.32,8.7,3.434360
2016-03-03,423.97,9.35,3.363740
2016-03-04,419.24,9.96,3.321500
2016-03-05,408.87,11,3.251720
2016-03-06,393.5,10.98,3.191490
2016-03-07,403.44,9.5,3.221620
2016-03-08,413.16,9.88,3.271410
2016-03-09,412.09,11.55,3.250550
2016-03-10,410.79,11.11,3.277910
2016-03-11,414.68,11.25,3.286320
2016-03-12,418.93,13.25,3.391130
2016-03-13,409.72,15,3.289420
2016-03-14,411.18,12.5,3.309090
2016-03-15,413.99,13.09,3.303290
2016-03-16,416,12.92,3.307110
2016-03-17,416,11.14,3.311360
2016-03-18,418.95,10.75,3.307150
2016-03-19,407.59,10.55,3.170780
2016-03-20,409.88,10.06,3.181530
2016-03-21,410.99,11.97,3.205190
2016-03-22,411.4,10.96,3.200040
2016-03-23,416.83,12.29,3.233840
2016-03-24,417.01,11.13,3.245020
2016-03-25,415.55,10.69,3.227840
2016-03-26,416.11,11,3.227720
2016-03-27,416.92,10.5,3.231820
2016-03-28,424.47,11.58,3.302910
2016-03-29,422.16,11.73,3.261760
2016-03-30,414.25,11.88,3.226650
2016-03-31,413.7,11.41,3.225480
2016-04-01,416.36,11.63,3.245750
2016-04-02,416.48,11.61,3.245900
2016-04-03,420,11.58,3.261450
2016-04-04,419.45,11.1,3.261300
2016-04-05,419.99,10.39,3.246040
2016-04-06,422.48,10.79,3.258520
2016-04-07,422.82,10.08,3.257010
2016-04-08,422.59,9.74,3.241910
2016-04-09,418.39,9.16,3.224020
2016-04-10,416.67,8.8,3.221860
2016-04-11,420.73,8.72,3.227450
2016-04-12,423.23,7.53,3.240140
2016-04-13,426.43,8.02,3.262950
2016-04-14,424.53,8.48,3.245740
2016-04-15,424.96,8.22,3.243210
2016-04-16,429.53,8.48,3.279850
2016-04-17,429.99,9.45,3.280050
2016-04-18,426.2,8.92,3.260370
2016-04-19,427.99,8.77,3.248900
2016-04-20,435,8.54,3.291750
2016-04-21,443.54,8.15,3.280930
2016-04-22,451,7.83,3.346790
2016-04-23,447.79,8.31,3.320780
2016-04-24,452,8,3.346360
2016-04-25,461.05,7.43,3.622860
2016-04-26,465.9,7.5,3.795590
2016-04-27,468.44,7.77,4.048610
2016-04-28,448.44,7.3,3.878860
2016-04-29,448.99,7.51,3.792070
2016-04-30,455.91,8.83,3.813480
2016-05-01,450.3,8.76,3.657500
2016-05-02,452.66,10.03,3.708710
2016-05-03,446.36,9.37,3.682110
2016-05-04,451.99,9.43,3.741840
2016-05-05,448,9.79,3.741810
2016-05-06,448.99,9.27,3.716130
2016-05-07,461.36,9.3,3.819520
2016-05-08,459.66,9.44,3.936410
2016-05-09,458,9.32,3.937630
2016-05-10,460.98,9.39,4.057970
2016-05-11,451.75,9.97,3.820330
2016-05-12,451.98,10.1,3.881340
2016-05-13,453.99,10.48,3.855270
2016-05-14,457.46,10.14,3.927280
2016-05-15,456.67,9.94,4.014090
2016-05-16,457.99,11.04,4.063080
2016-05-17,454.43,12.26,4.003640
2016-05-18,454.69,13.29,3.979800
2016-05-19,455.01,14.49,4.002440
2016-05-20,443.01,13.73,3.824930
2016-05-21,442.99,13.95,3.883520
2016-05-22,443.41,14.21,3.956590
2016-05-23,437.74,13.45,3.922930
2016-05-24,443.86,12.62,3.963880
2016-05-25,445.87,12.53,3.950810
2016-05-26,449.9,12.37,4.045260
2016-05-27,454.27,11.11,4.089420
2016-05-28,476.99,11.56,4.510950
2016-05-29,526.87,12.28,4.688730
2016-05-30,519.29,12.48,4.632640
2016-05-31,532.66,13.85,4.687600
2016-06-01,530.62,13.83,4.653290
2016-06-02,539.99,13.78,4.744650
2016-06-03,539.78,13.78,4.719580
2016-06-04,570.02,13.66,4.863190
2016-06-05,573.51,13.85,4.798430
2016-06-06,574.05,13.96,4.814460
2016-06-07,584.44,14.41,4.954820
2016-06-08,580,14.44,4.774290
2016-06-09,581.99,14.49,4.777880
2016-06-10,579.13,13.97,4.752000
2016-06-11,578.99,14.01,4.882340
2016-06-12,597.77,15.57,5.067300
2016-06-13,663.09,17.55,5.414650
2016-06-14,704,18.7,5.305180
2016-06-15,685.37,18.3,5.223100
2016-06-16,692.93,20.61,5.253050
2016-06-17,764.76,15.49,5.672430
2016-06-18,757.06,11.36,5.603990
2016-06-19,755.14,12.33,5.560370
2016-06-20,763.99,11.7,5.625190
2016-06-21,741.84,12.71,5.273550
2016-06-22,673.71,13.21,4.827530
2016-06-23,600.16,13.58,3.918140
2016-06-24,628.11,14.25,3.851830
2016-06-25,662.66,14.28,4.274600
2016-06-26,665.15,13.82,4.243010
2016-06-27,631.14,14.04,4.051530
2016-06-28,650.09,12.15,4.137750
2016-06-29,648.78,12.76,4.101690
2016-06-30,640.32,12.4,4.077380
2016-07-01,673.43,12.23,4.193490
2016-07-02,680.96,12.04,4.277770
2016-07-03,699.99,11.85,4.660930
2016-07-04,664.67,11.34,4.272690
2016-07-05,679.45,10.45,4.557790
2016-07-06,666.23,10.51,4.464460
2016-07-07,674.99,10.07,4.496560
2016-07-08,637.99,11.3,4.115670
2016-07-09,661.99,10.92,4.237390
2016-07-10,654.78,10.97,4.121570
2016-07-11,649.99,10.58,4.121180
2016-07-12,650.83,10.54,4.092190
2016-07-13,673.99,10.44,4.162830
2016-07-14,661.55,11.55,4.140980
2016-07-15,658.98,11.88,4.154460
2016-07-16,665,11.59,4.152710
2016-07-17,663.84,11.19,4.137720
2016-07-18,678.34,11.03,4.199390
2016-07-19,672.74,11.63,4.152750
2016-07-20,672.98,12.54,4.149990
2016-07-21,664.86,12.66,4.133190
2016-07-22,665.86,14.82,4.125780
2016-07-23,649.03,14.4,4.042600
2016-07-24,655.92,12.63,4.063750
2016-07-25,663.95,13.84,4.072620
2016-07-26,656.26,12.08,4.037190
2016-07-27,655.16,13.05,3.964910
2016-07-28,658.24,12.87,3.965760
2016-07-29,657.32,12.87,3.974790
2016-07-30,657.99,12.57,4.082660
2016-07-31,655.01,11.86,4.079580
2016-08-01,622.17,11.04,4.062910
2016-08-02,606.78,8.3,3.871690
2016-08-03,515.86,10.42,3.639430
2016-08-04,572.38,11.21,3.711970
2016-08-05,585,11.05,3.742010
2016-08-06,575.51,10.95,3.721160
2016-08-07,588.16,10.98,3.758680
2016-08-08,593.65,11.29,3.774510
2016-08-09,595.65,12.22,3.782840
2016-08-10,585.76,12.22,3.761760
2016-08-11,595.14,11.68,3.717410
2016-08-12,587.57,11.78,3.738460
2016-08-13,588.83,11.56,3.708670
2016-08-14,586.99,11.21,3.715710
2016-08-15,571.7,11.21,3.648290
2016-08-16,569.33,11.17,3.585030
2016-08-17,580.35,10.77,3.645110
2016-08-18,574.99,10.77,3.602800
2016-08-19,574.08,10.71,3.610980
2016-08-20,573.7,11.28,3.608000
2016-08-21,580.21,11.14,3.619410
2016-08-22,579.85,11.07,3.617420
2016-08-23,586.97,11.01,3.664420
2016-08-24,581.98,11.01,3.928810
2016-08-25,579.24,11.35,3.856490
2016-08-26,575.97,11.26,3.801920
2016-08-27,578.77,11.19,3.824940
2016-08-28,569.82,10.99,3.736080
2016-08-29,572.98,10.95,3.737660
2016-08-30,573.36,11.21,3.767520
2016-08-31,577.91,11.55,3.806070
2016-09-01,574.22,12.21,3.795630
2016-09-02,571.53,12.08,3.836750
2016-09-03,574.85,11.85,3.827020
2016-09-04,600.17,11.71,3.893100
2016-09-05,607.67,11.75,4.021540
2016-09-06,605.98,11.7,3.984240
2016-09-07,611.89,11.59,3.989130
2016-09-08,614.48,11.39,3.969450
2016-09-09,624.7,11.72,3.983710
2016-09-10,622.15,12.05,3.972220
2016-09-11,623.45,11.64,3.968530
2016-09-12,604.86,11.89,3.870340
2016-09-13,607.81,11.92,3.831800
2016-09-14,607.94,11.97,3.818810
2016-09-15,608.99,11.96,3.830050
2016-09-16,605.76,12.61,3.815370
2016-09-17,607.14,12.83,3.800280
2016-09-18,606.38,12.39,3.810200
2016-09-19,608.99,12.93,4.042620
2016-09-20,608.99,14.72,3.829360
2016-09-21,608.59,13.72,3.869210
2016-09-22,595.61,13.11,3.856510
2016-09-23,594.69,13.36,3.765200
2016-09-24,601.25,12.91,3.814720
2016-09-25,601.32,13.05,3.796010
2016-09-26,600,12.89,3.799990
2016-09-27,606.98,13.09,3.856840
2016-09-28,604.9,13.3,3.850580
2016-09-29,604.24,13.17,3.837830
2016-09-30,604.87,13.24,3.844500
2016-10-01,607.2,13.21,3.847760
2016-10-02,614.04,13.23,3.846290
2016-10-03,610.5,13.45,3.850150
2016-10-04,612.91,13.32,3.838910
2016-10-05,609.98,13.09,3.832120
2016-10-06,612.38,12.87,3.846390
2016-10-07,611.8,12.68,3.838520
2016-10-08,617.99,12.24,3.863970
2016-10-09,617.99,12.06,3.844680
2016-10-10,616.06,11.74,3.823210
2016-10-11,617.37,11.75,3.804000
2016-10-12,640,11.77,3.820440
2016-10-13,635.33,12.02,3.746450
2016-10-14,635.45,11.9,3.911990
2016-10-15,636.93,11.96,3.900360
2016-10-16,635.17,11.93,3.882570
2016-10-17,639.58,11.98,3.892240
2016-10-18,637.79,12.5,3.954150
2016-10-19,635,11.98,3.846180
2016-10-20,628.61,12.05,3.807970
2016-10-21,629,12.07,3.790270
2016-10-22,630.15,12.06,3.809690
2016-10-23,656.06,11.95,3.893720
2016-10-24,650.51,11.93,3.920200
2016-10-25,648.73,11.38,3.871330
2016-10-26,649.56,11.5,3.911420
2016-10-27,668.82,11.43,3.960270
2016-10-28,680,11.08,4.035870
2016-10-29,688.99,10.39,3.976510
2016-10-30,715.94,11.22,4.095950
2016-10-31,700.01,10.91,4.037080
2016-11-01,697.7,10.75,3.998600
2016-11-02,730.48,10.82,4.090810
2016-11-03,734.99,10.86,4.112980
2016-11-04,685.62,11.13,3.855710
2016-11-05,706.98,11.11,3.878510
2016-11-06,706.33,10.97,3.860280
2016-11-07,711.15,10.9,3.888330
2016-11-08,709.29,10.86,3.836970
2016-11-09,713.6,10.64,3.846030
2016-11-10,721.48,10.52,3.858540
2016-11-11,710.99,10.29,3.836410
2016-11-12,715.23,9.96,3.814370
2016-11-13,700.31,10.13,3.766180
2016-11-14,702,10,3.878890
2016-11-15,707.03,10.22,3.888830
2016-11-16,712.44,10.01,3.900460
2016-11-17,739.99,9.95,4.055570
2016-11-18,736.03,9.53,3.958620
2016-11-19,748.13,9.7,3.977370
2016-11-20,750.98,9.57,3.965740
2016-11-21,727.36,9.56,3.932120
2016-11-22,737.48,9.84,3.952200
2016-11-23,748.35,9.78,3.968870
2016-11-24,742.41,9.22,3.932110
2016-11-25,737.99,9.39,3.912910
2016-11-26,741.28,9.34,3.920610
2016-11-27,736.45,8.91,3.907920
2016-11-28,728.35,8.66,3.897740
2016-11-29,732.99,8.18,3.892510
2016-11-30,732.36,8.59,3.887810
2016-12-01,742.11,8.44,3.909450
2016-12-02,753.99,7.65,3.919220
2016-12-03,774.14,7.9,3.949600
2016-12-04,766.47,7.54,3.932360
2016-12-05,765.69,6.69,3.884440
2016-12-06,754.88,7.61,3.489050
2016-12-07,758.99,8.35,3.541080
2016-12-08,765.49,8.3,3.602780
2016-12-09,768.68,8.52,3.691090
2016-12-10,770.1,8.09,3.694890
2016-12-11,771.79,8.2,3.687970
2016-12-12,769.44,8.45,3.640730
2016-12-13,779.65,8.4,3.665500
2016-12-14,780.64,8.23,3.657260
2016-12-15,774.84,7.76,3.612890
2016-12-16,775.18,7.85,3.627150
2016-12-17,782.47,7.66,3.629870
2016-12-18,789.39,7.89,3.703890
2016-12-19,790.12,7.61,3.677210
2016-12-20,790.2,7.59,3.659860
2016-12-21,800.88,7.87,3.664520
2016-12-22,826.21,7.64,3.665610
2016-12-23,859,7.16,3.715860
2016-12-24,919.23,7.23,4.646490
2016-12-25,893.68,7.19,4.555450
2016-12-26,896.98,7.21,4.346540
2016-12-27,905.57,7.15,4.368570
2016-12-28,932.65,7.57,4.487570
2016-12-29,981.92,8.21,4.578860
2016-12-30,978.57,8.16,4.562490
2016-12-31,966.71,8.05,4.392330
2017-01-01,974.55,8.14,4.329120
2017-01-02,999.95,8.33,4.520450
2017-01-03,1020.23,9.59,4.655880
2017-01-04,1038,10.88,4.633750
2017-01-05,1142.15,10.2,4.914370
2017-01-06,989.99,10.07,4.302400
2017-01-07,893.49,9.78,3.863390
2017-01-08,898.75,10.27,3.959120
2017-01-09,912.99,10.2,3.996980
2017-01-10,902.98,10.55,4.300920
2017-01-11,907.99,9.83,4.597160
2017-01-12,789.31,9.81,3.836710
2017-01-13,813.02,9.78,3.948480
2017-01-14,826.69,9.78,3.892580
2017-01-15,824.65,9.88,3.888780
2017-01-16,827.56,9.59,3.922040
2017-01-17,835.13,10.14,3.905700
2017-01-18,907.19,10.19,3.942250
2017-01-19,878.02,10.43,3.841900
2017-01-20,901.75,10.6,3.859180
2017-01-21,899.53,10.91,3.892570
2017-01-22,923.25,10.71,3.902480
2017-01-23,921.82,10.78,3.856130
2017-01-24,923.87,10.51,3.835270
2017-01-25,890.66,10.51,3.791330
2017-01-26,894.06,10.65,3.714440
2017-01-27,918.42,10.51,3.840100
2017-01-28,921.01,10.54,3.853530
2017-01-29,921.29,10.47,3.852440
2017-01-30,916.77,10.62,3.856230
2017-01-31,923.02,10.71,4.016500
2017-02-01,967.02,10.71,4.076040
2017-02-02,989.1,10.78,4.075150
2017-02-03,1005.97,10.95,4.081630
2017-02-04,1015.09,11.32,4.084510
2017-02-05,1032.98,11.22,4.065110
2017-02-06,1011.9,11.32,4.057980
2017-02-07,1024.99,11.45,4.053480
2017-02-08,1055,11.39,4.049740
2017-02-09,1060.31,10.94,4.029650
2017-02-10,984.81,11.34,3.801090
2017-02-11,1003.97,11.43,3.777220
2017-02-12,1015.18,11.42,3.795870
2017-02-13,1008.49,11.39,3.768230
2017-02-14,1000.05,13,3.715290
2017-02-15,1012.65,12.97,3.769180
2017-02-16,1013.67,12.95,3.796760
2017-02-17,1034.33,12.72,3.778380
2017-02-18,1059.75,12.83,3.828000
2017-02-19,1059.84,12.82,3.792580
2017-02-20,1054.72,12.52,3.768650
2017-02-21,1085.13,12.77,3.763620
2017-02-22,1133.68,12.69,3.787580
2017-02-23,1128.54,13.13,3.800040
2017-02-24,1181.02,13.11,3.830920
2017-02-25,1183.72,13.57,3.852220
2017-02-26,1148.77,14.59,3.815880
2017-02-27,1182.03,15.55,3.813430
2017-02-28,1194.5,16.07,3.803690
2017-03-01,1195.2,17.55,3.773060
2017-03-02,1228.9,19.08,3.795290
2017-03-03,1260.21,19.48,3.921290
2017-03-04,1287.98,18.61,3.911910
2017-03-05,1270,19.22,3.863100
2017-03-06,1273.99,19.75,3.872240
2017-03-07,1288.88,18.91,3.894040
2017-03-08,1236.29,16.54,3.807580
2017-03-09,1151.39,17.71,3.766390
2017-03-10,1197.2,19.13,3.828280
2017-03-11,1109.29,21.45,3.758800
2017-03-12,1182.64,23.31,3.786600
2017-03-13,1232.63,28.45,3.847440
2017-03-14,1246.86,28.58,4.173810
2017-03-15,1248.2,35.18,4.046860
2017-03-16,1261.75,45.51,4.147310
2017-03-17,1175.29,44.48,4.233170
2017-03-18,1070.6,34,4.040520
2017-03-19,965.1,43.12,3.956500
2017-03-20,1010.63,42.51,3.950480
2017-03-21,1041.61,42.67,4.036370
2017-03-22,1113.81,41.65,3.987350
2017-03-23,1037.97,43.2,3.931740
2017-03-24,1033,53.19,3.973070
2017-03-25,936.83,50.62,4.073470
2017-03-26,966.76,50.63,4.066150
2017-03-27,967.14,49.06,4.066390
2017-03-28,1045.01,50.25,4.069680
2017-03-29,1045.04,53.07,4.142370
2017-03-30,1041.03,51.91,4.178910
2017-03-31,1041.75,49.91,7.018730
2017-04-01,1084.22,50.6,6.653160
2017-04-02,1089.99,48.55,6.862920
2017-04-03,1107.45,44.13,7.744620
2017-04-04,1152.94,44.43,8.118430
2017-04-05,1149.03,44.9,8.247280
2017-04-06,1134.73,43.23,11.123100
2017-04-07,1195.77,42.31,10.223500
2017-04-08,1194.67,44.37,9.336040
2017-04-09,1184.5,43.72,9.888790
2017-04-10,1210.08,43.74,8.721000
2017-04-11,1210.64,43.74,8.911620
2017-04-12,1223.76,46.38,8.831010
2017-04-13,1218.12,49.97,10.764400
2017-04-14,1177.88,47.32,10.130900
2017-04-15,1175.5,48.89,10.342100
2017-04-16,1174.69,48.22,10.745500
2017-04-17,1178.01,47.94,10.595700
2017-04-18,1193.81,49.88,10.418900
2017-04-19,1204,47.88,10.313800
2017-04-20,1211.45,49.36,9.634750
2017-04-21,1238.45,48.27,10.291500
2017-04-22,1250,48.41,11.176600
2017-04-23,1247.66,48.75,13.065300
2017-04-24,1247.83,49.94,13.964000
2017-04-25,1255.71,50.09,14.978700
2017-04-26,1282.56,53.28,15.205900
2017-04-27,1294.91,63.14,14.843600
2017-04-28,1346.04,72.42,14.593100
2017-04-29,1347.19,69.83,14.397000
2017-04-30,1351.08,79.83,15.703100
2017-05-01,1362.63,77.53,15.708100
2017-05-02,1440.82,77.25,15.922700
2017-05-03,1464.94,80.37,15.875200
2017-05-04,1517.95,94.55,21.044500
2017-05-05,1550,90.79,23.471201
2017-05-06,1546.93,94.82,26.466801
2017-05-07,1580.99,90.46,28.201500
2017-05-08,1602.17,88.39,30.372400
2017-05-09,1686.39,86.27,28.964399
2017-05-10,1719.51,87.83,33.298100
2017-05-11,1793.26,88.2,32.657101
2017-05-12,1834.1,85.15,30.931299
2017-05-13,1694.64,87.96,27.218901
2017-05-14,1781.71,88.72,29.090000
2017-05-15,1794.01,90.32,28.894501
2017-05-16,1742.67,87.8,25.337601
2017-05-17,1769.71,86.98,23.242399
2017-05-18,1812.57,95.88,25.165400
2017-05-19,1895.55,124.38,28.287100
2017-05-20,1965.01,123.06,27.681299
2017-05-21,2044.4,148,27.476200
2017-05-22,2026,160.39,26.141500
2017-05-23,2101.33,169.5,25.303499
2017-05-24,2261.22,193.03,32.121700
2017-05-25,2436.45,177.33,34.469002
2017-05-26,2330.84,162.83,30.325100
2017-05-27,2267.37,156.63,23.403099
2017-05-28,2096.77,172.86,24.007401
2017-05-29,2230.77,194.17,24.324900
2017-05-30,2284.3,228.58,25.318899
2017-05-31,2197.33,228.64,24.293501
2017-06-01,2303.62,220.7,25.343901
2017-06-02,2412.34,222.04,28.897301
2017-06-03,2484.04,224.3,29.036301
2017-06-04,2554.91,244.96,27.650299
2017-06-05,2520.05,247.75,28.090000
2017-06-06,2689.43,264.26,30.840700
2017-06-07,2880.23,255.77,30.568701
2017-06-08,2690,259.41,28.381300
2017-06-09,2800,279.11,30.187300
2017-06-10,2807.01,335.95,29.684500
2017-06-11,2903.77,339.68,30.500900
2017-06-12,2960,394.66,33.230499
2017-06-13,2656.3,388.09,29.491600
2017-06-14,2715.86,343.84,30.739000
2017-06-15,2459.56,344.68,30.215401
2017-06-16,2416.16,353.61,30.279100
2017-06-17,2484.64,368.1,36.183899
2017-06-18,2638.24,351.53,47.442200
2017-06-19,2519.87,358.2,46.161999
2017-06-20,2594.99,350.53,50.409000
2017-06-21,2734.14,325.3,47.295200
2017-06-22,2645.1,320.97,47.718800
2017-06-23,2689.58,326.85,47.747799
2017-06-24,2684.63,304.54,47.246700
2017-06-25,2572.96,279.36,44.490700
2017-06-26,2497.6,253.68,44.036999
2017-06-27,2415.62,286.14,41.131302
2017-06-28,2573.77,315.86,40.816002
2017-06-29,2554.97,292.9,42.830101
2017-06-30,2549.89,280.68,41.042999
2017-07-01,2456.01,261,40.404099
2017-07-02,2416.12,283.99,38.949200
2017-07-03,2507.84,276.41,41.478500
2017-07-04,2540.94,269.05,46.562599
2017-07-05,2606.64,266,55.274899
2017-07-06,2625.06,265.88,53.195499
2017-07-07,2605.53,240.94,51.101501
2017-07-08,2493.79,245.67,46.639301
2017-07-09,2547.77,237.72,52.363701
2017-07-10,2501.02,205.76,49.908798
2017-07-11,2329.4,190.55,46.274200
2017-07-12,2305.05,224.15,45.255901
2017-07-13,2383.82,205.41,48.723400
2017-07-14,2343.48,197.14,46.359200
2017-07-15,2213.01,169.1,42.805302
2017-07-16,1967.34,155.42,38.921001
2017-07-17,1904,189.97,41.189201
2017-07-18,2229.07,227.09,42.623001
2017-07-19,2304.36,194.41,44.347401
2017-07-20,2264.29,226.33,40.955399
2017-07-21,2889.98,216.33,45.068501
2017-07-22,2661.99,230.47,45.772999
2017-07-23,2838.07,228.32,46.628201
2017-07-24,2761.45,225.48,44.159599
2017-07-25,2758.5,203.59,44.482899
2017-07-26,2558.27,202.88,42.287998
2017-07-27,2524.52,202.93,42.353199
2017-07-28,2662.99,191.21,42.216202
2017-07-29,2786.19,206.14,40.558899
2017-07-30,2706.14,196.78,41.184502
2017-07-31,2749.99,201.33,40.340302
2017-08-01,2871.27,225.9,43.019299
2017-08-02,2730,218.12,43.074902
2017-08-03,2703.44,224.39,42.193001
2017-08-04,2783.43,220.6,42.893501
2017-08-05,2844.99,253.09,43.486000
2017-08-06,3252.34,264.56,46.845001
2017-08-07,3218.74,269.94,45.171700
2017-08-08,3391.48,296.51,45.898102
2017-08-09,3421.11,295.28,48.586700
2017-08-10,3348.99,298.28,48.049400
2017-08-11,3421.45,309.32,46.404900
2017-08-12,3639.99,308.02,47.050598
2017-08-13,3863.3,296.62,46.568699
2017-08-14,4046.34,299.16,45.832298
2017-08-15,4318.3,286.52,45.813499
2017-08-16,4154.84,301.38,43.371899
2017-08-17,4322.44,300.3,44.178799
2017-08-18,4284.45,292.62,43.897202
2017-08-19,4102.48,293.02,47.054298
2017-08-20,4145.11,298.2,45.376202
2017-08-21,4049.98,321.85,46.189800
2017-08-22,3993.87,313.37,47.895199
2017-08-23,4093.28,317.4,46.713600
2017-08-24,4147.1,325.28,52.824402
2017-08-25,4313.21,330.06,50.172298
2017-08-26,4371.25,332.86,51.165798
2017-08-27,4371.25,347.88,51.804798
2017-08-28,4340.88,347.66,61.363400
2017-08-29,4379.96,372.35,62.394600
2017-08-30,4589.99,383.86,63.163799
2017-08-31,4583.85,388.33,64.158203
2017-09-01,4736.28,391.42,70.856102
2017-09-02,4924,351.03,85.829903
2017-09-03,4642.85,352.45,78.979897
2017-09-04,4607.47,303.7,76.732101
2017-09-05,4278.86,317.94,65.251297
2017-09-06,4393,338.92,71.777298
2017-09-07,4609.17,335.37,79.877998
2017-09-08,4623.19,306.72,78.452797
2017-09-09,4346.24,303.79,67.212700
2017-09-10,4325.17,299.21,65.802803
2017-09-11,4243.48,297.95,61.646599
2017-09-12,4209.69,294.1,66.238800
2017-09-13,4155.55,275.84,64.321602
2017-09-14,3855.01,223.14,61.642200
2017-09-15,3242.63,259.57,41.685001
2017-09-16,3709.85,254.49,48.133400
2017-09-17,3715.38,258.4,48.230400
2017-09-18,3716.46,297.53,48.530201
2017-09-19,4098.03,283,55.683601
2017-09-20,3903.4,283.56,52.744900
2017-09-21,3866,257.77,51.663601
2017-09-22,3616.74,262.94,46.652699
2017-09-23,3620.96,286.14,48.157101
2017-09-24,3783.6,282.6,49.250099
2017-09-25,3667.99,294.89,47.619900
2017-09-26,3916.48,288.64,51.687901
2017-09-27,3885.14,309.97,51.576199
2017-09-28,4204.51,302.77,56.212200
2017-09-29,4188,292.58,54.109299
2017-09-30,4182.89,302.77,52.626499
2017-10-01,4327.63,303.95,55.136200
2017-10-02,4388.74,296.81,54.546902
2017-10-03,4385.7,291.81,53.390400
2017-10-04,4300,291.68,52.284302
2017-10-05,4214.25,294.99,51.401402
2017-10-06,4318.57,308.33,51.636002
2017-10-07,4362.42,311.26,52.137501
2017-10-08,4425.01,309.49,52.493500
2017-10-09,4602.5,296.95,53.082500
2017-10-10,4751.08,298.46,50.154202
2017-10-11,4756.22,302.86,50.753300
2017-10-12,4813.85,302.89,50.886700
2017-10-13,5437.68,336.83,60.551899
2017-10-14,5636.28,338.81,59.405602
2017-10-15,5799.99,336.58,64.126602
2017-10-16,5694.61,334.23,65.718300
2017-10-17,5748.56,316.14,64.673203
2017-10-18,5592.26,313.54,59.586899
2017-10-19,5569.33,307.41,60.821800
2017-10-20,5695.01,303.08,59.809799
2017-10-21,5984.03,299.55,60.303799
2017-10-22,6012.58,294.03,58.271900
2017-10-23,5974.97,285.27,56.770699
2017-10-24,5899.6,296.5,54.959499
2017-10-25,5517.21,296.35,55.951698
2017-10-26,5741.66,295.54,56.468601
2017-10-27,5889.42,296.36,55.673100
2017-10-28,5765.32,293.35,55.384300
2017-10-29,5730.01,304.04,54.669800
2017-10-30,6132.76,306.8,56.840199
2017-10-31,6124.69,303.64,56.365002
2017-11-01,6448.36,289.42,55.740700
2017-11-02,6741.02,284.92,53.559200
2017-11-03,7037.48,304.51,54.578201
2017-11-04,7177.28,300.04,56.215900
2017-11-05,7371.55,296.23,55.025700
2017-11-06,7394.44,296.82,54.759201
2017-11-07,6975.01,291.84,54.987701
2017-11-08,7109.7,307.35,61.112999
2017-11-09,7465.53,319.66,62.489601
2017-11-10,7151.49,296.86,64.436203
2017-11-11,6585.11,314.23,59.348900
2017-11-12,6340,306.02,62.309200
2017-11-13,5849.37,314.6,59.175800
2017-11-14,6550.76,334.72,61.642899
2017-11-15,6606.75,331.2,62.775200
2017-11-16,7286.93,330.32,63.809101
2017-11-17,7852.44,331.72,70.448402
2017-11-18,7677.17,346.65,67.405197
2017-11-19,7776.54,354.6,69.511902
2017-11-20,8046.98,367.71,71.413002
2017-11-21,8246.01,360.52,72.196800
2017-11-22,8120.36,380.84,70.182198
2017-11-23,8240.82,406.57,71.975098
2017-11-24,8009.88,470.43,73.141899
2017-11-25,8209.88,464.61,77.908699
2017-11-26,8779.62,470.54,88.939301
2017-11-27,9304.19,475.24,85.889702
2017-11-28,9763.44,466.27,91.723999
2017-11-29,9941.7,427.42,96.012497
2017-11-30,9827.29,434.85,86.246696
2017-12-01,9934.4,461.58,88.003502
2017-12-02,10910.18,457.96,98.941498
2017-12-03,10888.01,462.81,100.195000
2017-12-04,11231.21,466.93,101.396004
2017-12-05,11668.84,453.96,104.277000
2017-12-06,11711.2,422.48,102.477997
2017-12-07,13725.53,421.15,99.984100
2017-12-08,17050,451.74,98.328102
2017-12-09,16250,472.86,127.478996
2017-12-10,15041,436.49,155.626999
2017-12-11,15268.98,513.29,148.257996
2017-12-12,16800.19,656.52,212.464005
2017-12-13,17382.19,699.09,315.362000
2017-12-14,16460.9,693.58,301.197998
2017-12-15,16678.79,684.27,280.967987
2017-12-16,17744.5,692.83,299.337006
2017-12-17,19499.99,717.71,301.783997
2017-12-18,19260.5,785.99,318.953003
2017-12-19,18981.88,812.5,359.125000
2017-12-20,17640.01,799.17,349.604004
2017-12-21,16596.09,789.39,314.660004
2017-12-22,15797.49,657.83,319.256989
2017-12-23,14000,700.44,269.266998
2017-12-24,15002.72,675.91,291.007996
2017-12-25,14100.01,723.14,277.493988
2017-12-26,13986.68,753.4,273.108002
2017-12-27,15830.86,739.94,286.588989
2017-12-28,15418.95,716.69,272.126007
2017-12-29,14488.61,739.6,250.352005
2017-12-30,14574.99,692.99,245.087006
2017-12-31,12675.68,741.13,216.975006
2018-01-01,13820.26,756.2,231.666000
2018-01-02,13338.41,861.97,228.990005
2018-01-03,14740.09,941.1,255.695007
2018-01-04,15148.92,944.83,245.475006
2018-01-05,15199.99,967.13,241.033997
2018-01-06,16945.5,1006.41,249.768005
2018-01-07,17175,1117.75,296.053009
2018-01-08,16150.15,1136.11,287.725006
2018-01-09,14980.01,1289.24,254.606003
2018-01-10,14477.55,1248.99,248.072998
2018-01-11,14929.39,1139.32,251.522003
2018-01-12,13301.77,1261.03,229.787003
2018-01-13,13815.26,1385.02,236.882004
2018-01-14,14174.38,1359.48,260.579010
2018-01-15,13626.27,1278.69,237.289001
2018-01-16,13597.6,1050.26,232.817001
2018-01-17,11399.01,1024.69,190.145004
2018-01-18,11240.19,1012.97,186.949005
2018-01-19,11298,1037.36,191.192001
2018-01-20,11535.56,1150.5,194.378006
2018-01-21,12744.98,1049.09,211.235001
2018-01-22,11501,999.64,191.789993
2018-01-23,10780,984.47,180.279007
2018-01-24,10820.81,1061.78,178.425003
2018-01-25,11346.58,1046.37,181.563004
2018-01-26,11114,1048.58,179.819000
2018-01-27,11091.99,1109.08,176.660995
2018-01-28,11372.85,1231.58,181.421005
2018-01-29,11633.11,1169.96,193.751007
2018-01-30,11130.34,1063.75,181.445007
2018-01-31,10007.42,1111.31,165.296005
2018-02-01,10112.6,1026.19,163.682007
2018-02-02,9000.73,917.47,142.561996
2018-02-03,8845.07,970.87,131.401001
2018-02-04,9221.14,827.59,160.380997
2018-02-05,8162.94,695.08,148.727005
2018-02-06,6892.67,785.01,127.521004
2018-02-07,7682.75,751.81,142.481995
2018-02-08,7582.76,813.55,138.335999
2018-02-09,8200,877.88,149.729996
2018-02-10,8697.78,850.75,163.488007
2018-02-11,8553.5,811.24,155.391998
2018-02-12,8073.9,865.27,150.104004
2018-02-13,8900,840.98,161.774994
2018-02-14,8519.07,920.11,159.578995
2018-02-15,9480.27,927.95,212.347000
2018-02-16,10017.18,938.02,225.500000
2018-02-17,10183.63,974.77,229.501999
2018-02-18,11100,913.9,230.509003
2018-02-19,10403.01,939.79,215.414993
2018-02-20,11166.92,885.52,223.087006
2018-02-21,11206.22,840.1,230.947998
2018-02-22,10475,804.63,212.841003
2018-02-23,9829.96,854.7,194.192993
2018-02-24,10161.62,833.49,210.636993
2018-02-25,9697.21,840.28,208.132004
2018-02-26,9595,867.62,222.138000
2018-02-27,10300,871.58,221.710007
2018-02-28,10562.46,851.5,217.279007
2018-03-01,10296.86,869.87,203.119003
2018-03-02,10900.95,855.6,209.554993
2018-03-03,11027.77,855.65,213.837997
2018-03-04,11433.72,864.83,210.235992
2018-03-05,11467.19,849.42,213.740005
2018-03-06,11400.01,815.69,210.513000
2018-03-07,10696.87,751.13,196.826004
2018-03-08,9884.26,698.83,185.697998
2018-03-09,9295.77,726.92,176.481003
2018-03-10,9257,682.3,188.113007
2018-03-11,8769.2,720.36,177.513000
2018-03-12,9530.94,697.02,189.016006
2018-03-13,9105,689.96,177.597000
2018-03-14,9146.18,613.15,175.936996
2018-03-15,8198.82,610.56,161.201996
2018-03-16,8266.99,600.53,164.817001
2018-03-17,8265.81,549.79,165.188004
2018-03-18,7870.99,537.38,152.537003
2018-03-19,8197.29,555.55,155.475006
2018-03-20,8599.01,557.57,161.520996
2018-03-21,8904.23,559.91,169.557007
2018-03-22,8902.53,539.89,168.723007
2018-03-23,8710.44,543.83,163.576996
2018-03-24,8925,520.16,168.533997
2018-03-25,8540.33,523.01,158.863998
2018-03-26,8457.04,486.25,160.164993
2018-03-27,8149.46,448.78,148.960999
2018-03-28,7794.46,445.93,135.490005
2018-03-29,7941.87,383.9,131.925003
2018-03-30,7086.6,393.82,114.804001
2018-03-31,6838.71,394.07,118.637001
2018-04-01,6920.5,378.85,116.904999
2018-04-02,6811.02,384.68,115.237000
2018-04-03,7049.99,415.93,119.509003
2018-04-04,7418.53,378.65,133.908005
2018-04-05,6794.31,381.36,118.209000
2018-04-06,6777,370.35,118.815002
2018-04-07,6592.94,384.98,113.135002
2018-04-08,6895.99,400.72,116.291000
2018-04-09,7022.72,399.02,117.782997
2018-04-10,6771.01,415.65,115.212997
2018-04-11,6830.68,430.42,114.289001
2018-04-12,6939.43,493.95,118.292000
2018-04-13,7920.39,494.96,129.274002
2018-04-14,7875.94,502.79,125.223999
2018-04-15,7998.07,534.15,126.668999
2018-04-16,8357.43,511.67,131.968002
2018-04-17,8052.27,503.03,128.710007
2018-04-18,7894,525.78,132.376999
2018-04-19,8167,567.25,140.041000
2018-04-20,8269.3,617.16,146.501007
2018-04-21,8847.07,605.17,155.684998
2018-04-22,8920,621.33,148.608002
2018-04-23,8800,644.13,146.671997
2018-04-24,8933,703.35,152.574997
2018-04-25,9649.99,617.73,165.087006
2018-04-26,8865.01,661.45,144.699005
2018-04-27,9281.95,643.33,153.444000
2018-04-28,8926,683.02,145.742004
2018-04-29,9343.83,689.31,152.164993
2018-04-30,9393.29,670.04,153.647003
2018-05-01,9244.38,670.81,148.343994
2018-05-02,9059.84,686.74,148.445007
2018-05-03,9211.7,777.62,151.858994
2018-05-04,9727.5,784.21,160.468994
2018-05-05,9691.37,816.58,168.350006
2018-05-06,9812.81,790.39,178.020996
2018-05-07,9599.88,752.4,171.759003
2018-05-08,9361.96,747.79,164.830002
2018-05-09,9181.42,751.27,159.617004
2018-05-10,9308.45,723.61,157.151001
2018-05-11,9017.58,677.8,149.445007
2018-05-12,8451.19,683.64,137.257004
2018-05-13,8466.31,729.34,141.798004
2018-05-14,8685.5,727.41,144.623993
2018-05-15,8682.73,705.64,147.488007
2018-05-16,8475.58,706.72,139.649994
2018-05-17,8344.94,668.38,139.559006
2018-05-18,8060.01,693.57,132.703995
2018-05-19,8230,696.05,135.964996
2018-05-20,8240.01,715.15,135.272003
2018-05-21,8515.17,696.73,139.643997
2018-05-22,8395.71,640.84,134.259995
2018-05-23,7985.77,577.01,128.807999
2018-05-24,7497.47,602.59,119.195000
2018-05-25,7572.49,584.77,122.558998
2018-05-26,7462.65,585.76,119.349998
2018-05-27,7333.2,569.64,118.503998
2018-05-28,7349.12,512.03,117.930000
2018-05-29,7098.11,566.59,111.844002
2018-05-30,7460,557.12,119.540001
2018-05-31,7387.88,577.23,117.318001
2018-06-01,7484.84,579.01,118.028000
2018-06-02,7521.01,590.53,119.828003
2018-06-03,7643.52,619.04,123.285004
2018-06-04,7709.99,591.31,125.210999
2018-06-05,7500,608.23,119.896004
2018-06-06,7610,606.3,121.888000
2018-06-07,7657.92,604.44,121.338997
2018-06-08,7691.26,599.55,121.515999
2018-06-09,7647.19,593.38,120.108002
2018-06-10,7501.64,524.74,117.561996
2018-06-11,6770,531.15,106.541000
2018-06-12,6878,494.53,107.428001
2018-06-13,6550,476.3,100.799004
2018-06-14,6297.7,519.83,93.993698
2018-06-15,6639.66,487.51,101.114998
2018-06-16,6388.98,497.22,96.578400
2018-06-17,6486.86,496.74,97.717598
2018-06-18,6444.35,517.63,95.773499
2018-06-19,6711.16,538.45,98.727303
2018-06-20,6740.96,536.16,98.956299
2018-06-21,6758.31,525.77,97.881203
2018-06-22,6717.88,462.16,96.941101
2018-06-23,6073.38,474.18,85.093002
2018-06-24,6172.55,455.25,82.739098
2018-06-25,6149.99,458.82,80.366600
2018-06-26,6242.53,429.58,81.815201
2018-06-27,6060.01,441.75,76.931999
2018-06-28,6135.8,420.72,80.625702
2018-06-29,5850.13,435.25,74.808899
2018-06-30,6202.49,453.42,78.946602
2018-07-01,6389.01,451.95,81.503998
2018-07-02,6345.53,476.58,80.267700
2018-07-03,6615.13,461.95,85.387802
2018-07-04,6508.36,467.19,85.172798
2018-07-05,6583.72,467.55,85.653198
2018-07-06,6529.47,469.93,83.837303
2018-07-07,6587.45,485.81,83.404297
2018-07-08,6754.14,486.19,86.262299
2018-07-09,6700.88,471.48,82.544098
2018-07-10,6666,432.69,80.782303
2018-07-11,6299,445.59,76.129898
2018-07-12,6380,430.91,78.594101
2018-07-13,6249.75,432.46,77.292099
2018-07-14,6210,433.74,76.973297
2018-07-15,6250.02,449.62,76.704597
2018-07-16,6347.99,478.75,78.959602
2018-07-17,6729.22,499.06,84.301498
2018-07-18,7322.78,479.02,89.821503
2018-07-19,7378.55,468.65,86.898201
2018-07-20,7466.58,448.84,86.681999
2018-07-21,7334.8,461.04,82.658302
2018-07-22,7408.79,457.65,84.264503
2018-07-23,7400.37,449.63,83.231499
2018-07-24,7713.62,479.47,82.682999
2018-07-25,8400.73,471.28,88.657204
2018-07-26,8160,462.03,86.277199
2018-07-27,7926.36,469.69,83.730003
2018-07-28,8192.21,468.55,84.536903
2018-07-29,8234.98,466.2,84.054100
2018-07-30,8216.06,456.56,84.153999
2018-07-31,8166.86,431.99,82.689301
2018-08-01,7725.05,419.87,80.390800
2018-08-02,7602.14,410.83,77.714203
2018-08-03,7536,417.62,76.301804
2018-08-04,7413.7,406.91,77.422302
2018-08-05,7014.55,408.81,73.379097
2018-08-06,7032.06,404.95,75.061600
2018-08-07,6931.59,377.94,74.003098
2018-08-08,6720.18,355.57,68.162804
2018-08-09,6274.5,363.51,62.473000
2018-08-10,6540.47,331.57,63.974998
2018-08-11,6109.19,318.01,59.487598
2018-08-12,6091.87,318.2,58.217499
2018-08-13,6318.21,284.03,59.483700
2018-08-14,6257.31,278.31,57.004799
2018-08-15,6196.17,281.24,54.679001
2018-08-16,6269.74,286.8,54.535999
2018-08-17,6313.83,317.57,55.329399
2018-08-18,6580.76,294.85,61.556801
2018-08-19,6389.99,299.62,57.222698
2018-08-20,6491.5,270.81,57.908401
2018-08-21,6258.36,281.13,53.771599
2018-08-22,6476.53,270.37,56.659100
2018-08-23,6350,275.83,55.193699
2018-08-24,6524.17,281.37,57.604198
2018-08-25,6692,277.56,57.923599
2018-08-26,6730.95,274.3,58.051601
2018-08-27,6706.31,288.02,57.259300
2018-08-28,6909,295.55,60.226002
2018-08-29,7075.1,288.67,63.029202
2018-08-30,7033.83,284.15,61.765598
2018-08-31,6977.96,281.66,60.422798
2018-09-01,7017.1,295.36,61.738800
2018-09-02,7196.18,295.02,65.984802
2018-09-03,7284.57,288.97,65.817596
2018-09-04,7252.41,285.23,65.319901
2018-09-05,7354.92,228.27,67.667900
2018-09-06,6688.01,229.52,58.320999
2018-09-07,6496.37,215.14,57.342201
2018-09-08,6395.85,196.77,56.126701
2018-09-09,6185.27,195.99,53.274700
2018-09-10,6243.21,197.14,54.993698
2018-09-11,6300,185.15,54.606800
2018-09-12,6278.84,183.03,52.389000
2018-09-13,6324.13,211.27,51.883301
2018-09-14,6485,208.87,54.647598
2018-09-15,6523.38,221.63,56.336899
2018-09-16,6530.08,220.12,56.581001
2018-09-17,6498.37,196.04,57.020100
2018-09-18,6251.56,208.39,52.293800
2018-09-19,6339.92,209.78,54.017502
2018-09-20,6383.42,224.76,54.372799
2018-09-21,6495.87,247.69,56.782700
2018-09-22,6759.51,240.78,60.814602
2018-09-23,6710.26,244.55,60.548302
2018-09-24,6702.64,227.92,61.339298
2018-09-25,6577.78,219.2,58.021000
2018-09-26,6433.42,214.21,57.449200
2018-09-27,6455.44,229.09,57.450001
2018-09-28,6682.87,221.56,63.171501
2018-09-29,6621.37,231.32,61.643501
2018-09-30,6580.22,232.6,61.625301
2018-10-01,6597.94,230.89,61.098598
2018-10-02,6573.94,225.41,60.301201
2018-10-03,6498.88,219.97,59.575500
2018-10-04,6465.97,221.76,57.521500
2018-10-05,6549.03,227.9,58.331501
2018-10-06,6581.37,224.62,58.875702
2018-10-07,6545.49,225.65,57.934898
2018-10-08,6573.17,229.33,58.231800
2018-10-09,6600,227.49,59.445400
2018-10-10,6593.48,225.26,58.664101
2018-10-11,6529.75,189.83,57.976398
2018-10-12,6153.83,195.97,50.874599
2018-10-13,6202.22,199.45,53.456100
2018-10-14,6195,194.99,53.509201
2018-10-15,6181.54,210.8,52.173801
2018-10-16,6437.66,210.22,54.965099
2018-10-17,6456.48,207.6,54.264900
2018-10-18,6439,202.49,53.716900
2018-10-19,6391.01,202.86,52.552299
2018-10-20,6386.29,205.08,53.067001
2018-10-21,6413.23,204.77,53.434700
2018-10-22,6412.64,203.6,52.784599
2018-10-23,6407.43,203.7,52.237000
2018-10-24,6395.25,202.92,52.456501
2018-10-25,6412,201.23,52.488098
2018-10-26,6389.7,203.37,52.219601
2018-10-27,6401.09,202.79,52.127800
2018-10-28,6410.01,203.72,52.052299
2018-10-29,6404.8,195.67,51.832699
2018-10-30,6263.67,196.19,48.996498
2018-10-31,6270.43,197.85,49.337799
2018-11-01,6305.58,198.73,49.562302
2018-11-02,6344.3,201.02,50.339500
2018-11-03,6350.98,199.47,51.297600
2018-11-04,6332.46,211.3,50.986198
2018-11-05,6425.09,209.7,53.593300
2018-11-06,6403.38,219.56,53.702499
2018-11-07,6448.41,217.99,56.043999
2018-11-08,6501.5,211.29,54.192402
2018-11-09,6405.88,209.39,52.364700
2018-11-10,6335,211.9,51.926800
2018-11-11,6350.23,211.7,52.318901
2018-11-12,6360.98,210.81,51.477100
2018-11-13,6326.27,206.42,50.634899
2018-11-14,6258.26,182.72,49.578899
2018-11-15,5606.38,181.53,43.727699
2018-11-16,5572.71,174.84,43.961102
2018-11-17,5515.77,174.22,42.488800
2018-11-18,5503.64,177.53,42.088200
2018-11-19,5560.42,148.22,42.339401
2018-11-20,4733.82,130.74,36.572498
2018-11-21,4355.22,136.5,33.065201
2018-11-22,4546.67,124.83,34.692799
2018-11-23,4263.29,123.37,32.022202
2018-11-24,4288.25,112.75,32.259701
2018-11-25,3789.99,116.75,29.226801
2018-11-26,3933.57,108.87,30.868700
2018-11-27,3730.44,110.19,29.409599
2018-11-28,3771.43,122.88,31.116899
2018-11-29,4223.69,117.48,34.719440
2018-11-30,4240.53,112.87,33.799175
2018-12-01,3970,118.5,32.130596
2018-12-02,4141.59,115.96,34.262409
2018-12-03,4101.25,108.23,33.810291
2018-12-04,3835.01,109.82,31.005577
2018-12-05,3903.94,101.57,31.215851
2018-12-06,3691.92,90.43,29.248985
2018-12-07,3436.54,93.61,26.907946
2018-12-08,3377.83,91.44,25.128456
2018-12-09,3394.5,94.42,24.803595
2018-12-10,3529.66,90.7,25.911686
2018-12-11,3411.6,88.05,24.600491
2018-12-12,3347.11,90.52,23.795937
2018-12-13,3431.89,86.39,24.530657
2018-12-14,3265.44,83.9,23.646481
2018-12-15,3195.43,84.27,23.462881
2018-12-16,3184.06,85.39,23.787989
2018-12-17,3193,95.44,25.682781
2018-12-18,3502.84,102.44,29.266506
2018-12-19,3667.82,100.63,30.327751
2018-12-20,3683.97,116.43,29.604042
2018-12-21,4077.29,109.44,32.732635
2018-12-22,3839.06,118.36,30.826620
2018-12-23,3979.35,131.56,31.992167
2018-12-24,3948.58,140.87,33.473583
2018-12-25,4036,130.99,33.401596
2018-12-26,3777.97,132.61,31.093464
2018-12-27,3808.85,116.72,30.962173
2018-12-28,3588.67,139.73,28.300598
2018-12-29,3889.2,137.3,32.558426
2018-12-30,3729.57,141.33,31.423141
2018-12-31,3826.96,133.49,31.977234
2019-01-01,3692.35,142.66,30.458393
2019-01-02,3823.63,156.57,32.021229
2019-01-03,3890.45,149.44,33.353573
2019-01-04,3786.91,156.04,32.016525
2019-01-05,3821.47,156.23,32.345547
2019-01-06,3797.41,158.61,34.847218
2019-01-07,4041.01,152.09,39.279751
2019-01-08,4007.47,151.1,37.918991
2019-01-09,3992.24,151.17,39.446453
2019-01-10,4000.67,127.96,38.987137
2019-01-11,3626.76,127.16,33.683475
2019-01-12,3637.28,125.83,32.456207
2019-01-13,3618.82,116.56,32.395824
2019-01-14,3514.08,129.74,30.378098
2019-01-15,3662.89,121.22,32.384205
2019-01-16,3583.47,123.12,31.438589
2019-01-17,3604.57,123.72,31.850113
2019-01-18,3641.4,120.57,31.913450
2019-01-19,3608,124.85,31.480209
2019-01-20,3687,118.41,32.490044
2019-01-21,3533.49,116.72,31.188656
2019-01-22,3532.25,119.12,31.213305
2019-01-23,3577.24,117.57,31.669024
2019-01-24,3553.02,117.7,32.042973
2019-01-25,3570.25,115.92,32.820435
2019-01-26,3561,116.33,32.967960
2019-01-27,3558.19,112.27,33.081963
2019-01-28,3529.63,106.36,32.517124
2019-01-29,3429.7,104.75,31.235544
2019-01-30,3395.49,109.04,31.066559
2019-01-31,3436.11,106.89,31.890856
2019-02-01,3412.1,107.03,31.719522
2019-02-02,3441.87,111,32.817982
2019-02-03,3469.06,107.21,34.431210
2019-02-04,3415.99,106.9,33.464359
2019-02-05,3411.47,106.93,34.009163
2019-02-06,3429.98,104.5,34.347305
2019-02-07,3366.83,104.3,32.905396
2019-02-08,3359.99,119.49,33.235271
2019-02-09,3622.59,119.46,43.021866
2019-02-10,3624.11,125.58,44.763634
2019-02-11,3647.21,120.76,46.881832
2019-02-12,3588.58,122.63,43.168873
2019-02-13,3588.61,122.31,43.833340
2019-02-14,3576.48,120.85,41.875496
2019-02-15,3562.29,122.02,41.643276
2019-02-16,3567.12,123.26,42.759766
2019-02-17,3582.3,134.28,43.396259
2019-02-18,3626.7,146.53,43.881950
2019-02-19,3866.99,144.4,48.136169
2019-02-20,3892.03,149.23,47.820896
2019-02-21,3941.16,146.36,51.835323
2019-02-22,3901.59,149.04,49.132931
2019-02-23,3946.56,159.48,49.671822
2019-02-24,4110.99,133.42,51.680290
2019-02-25,3732.48,139.02,44.575947
2019-02-26,3820.26,137.12,46.176460
2019-02-27,3799.99,139.2576112205081,45.498642
2019-02-28,3800,135.9723628081064,45.616497
2019-03-01,3791.49,136.70720347866472,46.235413
2019-03-02,3808.12,136.51137328059306,47.481236
2019-03-03,3812.45,134.59674716057924,49.021946
2019-03-04,3789.61,131.32253767998785,48.334953
2019-03-05,3700.82,126.50877943560928,46.523563
2019-03-06,3845.73,138.0141697950158,53.020226
2019-03-07,3850.46,140.17149692875145,55.837769
2019-03-08,3855.26,137.69344425672742,57.435509
2019-03-09,3842,134.38859946662822,56.001781
2019-03-10,3917.49,138.15780826448415,58.098530
2019-03-11,3899.07,136.22611679772785,57.187702
2019-03-12,3851.15,133.51510390621763,55.413017
2019-03-13,3862.12,134.5481605338574,57.075665
2019-03-14,3850.96,132.28574784540297,55.860012
2019-03-15,3855.87,132.77873953641742,56.541637
2019-03-16,3901,137.5318039923925,58.994133
2019-03-17,3990,141.7338279827658,61.881493
2019-03-18,3965.45,139.51951454331294,61.284283
2019-03-19,3969.99,138.25440105855725,60.224297
2019-03-20,4001.3,139.02783500496145,60.677914
2019-03-21,4032,139.66997445779597,60.867493
2019-03-22,3975.01,136.10375538619815,59.302612
2019-03-23,3986.67,136.25668190476193,59.791531
2019-03-24,3982.45,137.6597557582653,61.242916
2019-03-25,3971.53,136.30214224891722,60.302681
2019-03-26,3908.7,134.41362738482619,59.508308
2019-03-27,3919.99,134.38738465644127,59.407898
2019-03-28,4027.35,140.26081350960365,62.222458
2019-03-29,4012.81,138.21227727508563,61.167595
2019-03-30,4082.72,144.8766944979626,61.254097
2019-03-31,4094.03,143.62669721776555,60.638481
2019-04-01,4095.01,142.4062677293791,60.769836
2019-04-02,4136.54,141.73776431452288,60.704704
2019-04-03,4903.3,164.61886152651255,76.256302
2019-04-04,4976.94,160.29264399307283,85.173927
2019-04-05,4907.68,157.78049363009654,85.037949
2019-04-06,5041,165.30668381106364,88.707771
2019-04-07,5044.56,166.00813746858407,92.421371
2019-04-08,5196.02,174.78061591756517,92.327896
2019-04-09,5287.88,179.84049659283008,89.497734
2019-04-10,5194.98,175.2178008327854,86.774330
2019-04-11,5319.55,177.3454250697257,88.393532
2019-04-12,5044.68,164.80945777255792,79.632645
2019-04-13,5091.58,164.02266763841143,78.946709
2019-04-14,5069.48,163.69743968085152,78.204674
2019-04-15,5161.51,169.34166529885005,83.014893
2019-04-16,5036.86,160.07982716995986,79.038223
2019-04-17,5203.65,166.1895181150793,81.352409
2019-04-18,5246.1,166.45915252086226,79.392204
2019-04-19,5283.73,174.41230756096178,82.098816
2019-04-20,5286.63,173.40903132072688,82.550385
2019-04-21,5321.31,173.22305024821384,81.522018
2019-04-22,5296.26,170.52729586665635,77.294411
2019-04-23,5390,175.02057711410228,76.853500
2019-04-24,5538.25,169.93518864655812,74.753876
2019-04-25,5445.16,165.52633164814497,73.245316
2019-04-26,5138.43,153.70513422884497,71.363304
2019-04-27,5140.38,157.99524677320127,73.213371
2019-04-28,5174.18,159.67116618620992,72.120308
2019-04-29,5157.02,158.806962039909,69.784256
2019-04-30,5149.86,161.3799018644211,67.950584
2019-05-01,5266.34,163.39243395616103,74.303352
2019-05-02,5329.97,161.07427991134062,73.682755
2019-05-03,5391.01,161.46113818149456,73.764450
2019-05-04,5660.3,168.37471594821685,79.307938
2019-05-05,5769.51,164.27817649012053,78.004234
2019-05-06,5715.3,165.9525515444753,76.028984
2019-05-07,5686.65,175.24917826569813,74.979942
2019-05-08,5745,167.76905041679544,74.647369
2019-05-09,5935.1,171.53309313395496,74.593979
2019-05-10,6146.18,171.30866998351186,74.189590
2019-05-11,6378.01,173.12193700455694,77.162750
2019-05-12,7227.75,194.12161182322882,89.539299
2019-05-13,6976.25,187.92551056519912,84.632576
2019-05-14,7822.67,195.82012733162597,88.053047
2019-05-15,7995.48,217.7809292653756,91.661552
2019-05-16,8198.47,248.4769856063333,101.573143
2019-05-17,7881.38,263.5282493354224,95.632607
2019-05-18,7361.92,245.7757058019939,89.010017
2019-05-19,7262.52,232.65176783843893,86.675331
2019-05-20,8192.44,259.78826645063145,95.339371
2019-05-21,8003.97,252.5290643533998,91.572083
2019-05-22,7954.49,255.0954634527227,91.505104
2019-05-23,7620,246.42705471779269,88.197609
2019-05-24,7879.92,249.32291912422045,88.973946
2019-05-25,8004.36,251.5193203618511,100.045540
2019-05-26,8074.87,252.79135704867457,102.700592
2019-05-27,8750.01,264.98456409920027,111.435295
2019-05-28,8781.16,268.6411726560658,117.891891
2019-05-29,8726.4,267.8155138289558,114.925446
2019-05-30,8659.18,266.06231058303297,115.140594
2019-05-31,8273.76,254.3148853976104,108.696220
2019-06-01,8516.2,267.57897191571334,114.466255
2019-06-02,8566.1,264.1758379582766,112.710167
2019-06-03,8745.75,269.0542374367678,114.668709
2019-06-04,8110.99,247.1100587359231,107.372932
2019-06-05,7682.81,241.67991620394514,102.119499
2019-06-06,7791.42,245.42869885853864,103.806831
2019-06-07,7801,250.01106799653158,110.975151
2019-06-08,8002.98,249.06394035859384,117.278076
2019-06-09,7936.35,243.8480012042377,118.586060
2019-06-10,7643.46,230.8244614080113,114.995560
2019-06-11,8024.35,248.0451678299798,129.264130
2019-06-12,7920.63,245.05236595545165,136.085831
2019-06-13,8176.44,261.71632600279776,135.682114
2019-06-14,8256.09,255.66871053157288,131.314011
2019-06-15,8699.71,263.920029034437,133.179810
2019-06-16,8853.3,268.52383851786374,138.148788
2019-06-17,8989.89,269.0351897259509,137.129944
2019-06-18,9331.03,273.9752464279176,134.472092
2019-06-19,9084.31,264.65269633184124,135.152664
2019-06-20,9282.65,269.0213759552552,136.602280
2019-06-21,9534.88,272.66482291179267,135.508514
2019-06-22,10233.92,295.0956433426248,139.036957
2019-06-23,10676.48,309.837374039733,141.945160
2019-06-24,10842.82,306.83639136710406,136.920868
2019-06-25,11035,311.66361532134204,135.580948
2019-06-26,11759.9,316.651675595099,136.477005
2019-06-27,12936.45,334.0597631531469,131.223007
2019-06-28,11143.74,293.8871465591053,114.411110
2019-06-29,12388.24,309.74880679114,120.155098
2019-06-30,11885.94,320.1308048454069,133.724640
2019-07-01,10746,292.0006105115293,122.114136
2019-07-02,10451.1,295.5681016910086,122.556335
2019-07-03,10833.82,292.58770545093904,119.334221
2019-07-04,11987.32,302.67942005596217,122.502754
2019-07-05,11144.85,281.6187538565732,119.837662
2019-07-06,10997.3,287.5347333952465,118.378716
2019-07-07,11242.22,286.0624271995954,118.026009
2019-07-08,11475.07,307.0987855252724,120.283493
2019-07-09,12307.13,312.4041259954286,123.247101
2019-07-10,12570.42,306.940529140653,119.500999
2019-07-11,12097.34,288.09615541682825,108.570404
2019-07-12,11319.42,268.15008438657304,102.827324
2019-07-13,11776.4,275.18058263662016,105.286636
2019-07-14,11374.76,269.5179058570421,101.106796
2019-07-15,10200.8,226.61415341337513,89.857735
2019-07-16,10850,229.06063979796147,90.900070
2019-07-17,9429.05,199.8849806723695,79.407326
2019-07-18,9703.58,211.28652819834497,89.694733
2019-07-19,10647.85,226.12848959710254,101.081940
2019-07-20,10535.46,222.95168116145956,98.456924
2019-07-21,10753.17,227.75298527257362,100.506561
2019-07-22,10590,226.44311051918984,99.557892
2019-07-23,10326.64,216.73358886733945,95.406654
2019-07-24,9842.72,212.3392200801214,90.461143
2019-07-25,9770.17,215.92553367150978,94.359810
2019-07-26,9910.54,218.91756005345883,93.411346
2019-07-27,9851.02,218.72714936898234,94.316109
2019-07-28,9478.3,207.45667516722816,88.885887
2019-07-29,9523.42,211.49094502590862,89.771797
2019-07-30,9504.23,211.21464054022928,90.471451
2019-07-31,9599.07,209.52861232588188,90.471001
2019-08-01,10079.54,218.77659534703304,98.566689
2019-08-02,10409.99,217.334000023581,99.199585
2019-08-03,10528.81,217.78309065351115,95.016815
2019-08-04,10817.34,222.02083875038565,94.598244
2019-08-05,10975,222.59787520492708,93.085281
2019-08-06,11815.28,232.8658662904026,96.889603
2019-08-07,11464.34,225.73445244930855,93.038872
2019-08-08,11972.53,226.5324413677851,90.911568
2019-08-09,11843.87,221.5399486063404,90.089195
2019-08-10,11857.08,211.2465146826802,84.390991
2019-08-11,11284.24,206.27993826090128,85.450752
2019-08-12,11527.27,215.62341396236712,89.702393
2019-08-13,11381.51,211.27264862347644,85.746429
2019-08-14,10857.49,208.86644275442043,84.420349
2019-08-15,10016.88,188.11140067847373,76.133270
2019-08-16,10297.86,188.06011022402473,76.315247
2019-08-17,10360.22,185.15231611244724,74.905090
2019-08-18,10198.84,186.27438013664104,72.839600
2019-08-19,10317.97,194.4876781306609,76.337112
2019-08-20,10919.99,202.5738461221817,77.298386
2019-08-21,10747.06,196.93900555561385,75.244278
2019-08-22,10132.44,189.93402911766353,72.950768
2019-08-23,10164.82,189.7470614219305,73.577332
2019-08-24,10408.14,194.25880453926868,75.407806
2019-08-25,10151.83,190.83117870602322,73.470039
2019-08-26,10135.59,186.82337667287632,72.320229
2019-08-27,10367.23,188.47523373306353,73.933868
2019-08-28,10175.8,187.2373608138108,72.902771
2019-08-29,9726.85,172.86099888697964,67.355339
2019-08-30,9488.28,169.34281161554023,64.083733
2019-08-31,9581.96,168.4860693134754,64.359093
2019-09-01,9604.43,171.89903813901998,64.558609
2019-09-02,9773.12,171.2693134854941,66.113625
2019-09-03,10392.28,178.5514629560074,66.990768
2019-09-04,10625.2,178.53129758059933,69.176498
2019-09-05,10584.13,174.73026251736135,67.308739
2019-09-06,10600,173.85261955747424,65.386726
2019-09-07,10351,169.1326262248286,65.236877
2019-09-08,10483.37,178.62138703264895,69.016068
2019-09-09,10406.94,181.2739002581557,70.619392
2019-09-10,10313.99,180.61829264794181,70.132103
2019-09-11,10100,179.78895629149417,70.876144
2019-09-12,10161.12,178.4760267712008,69.958572
2019-09-13,10432.63,180.82637847736373,69.233208
2019-09-14,10359.27,181.43820068316876,69.021957
2019-09-15,10360.29,188.58773922618187,70.587219
2019-09-16,10314.68,189.83022236504056,70.323318
2019-09-17,10271.26,198.0829897389852,72.591072
2019-09-18,10192,208.38477145368716,74.228523
2019-09-19,10162.8,209.1709442355207,77.919273
2019-09-20,10239.97,221.78940033109126,76.957840
2019-09-21,10168.86,218.55272362089786,75.181816
2019-09-22,9980.93,215.45865218513492,73.509254
2019-09-23,10031.31,211.65433044684022,72.613213
2019-09-24,9693.28,200.58480261792687,66.844116
2019-09-25,8543.36,167.0117710752473,55.834206
2019-09-26,8431.9,170.30159689349546,57.657761
2019-09-27,8065.1,166.35663065800617,55.566452
2019-09-28,8197,173.90085513153255,56.416576
2019-09-29,8227.28,173.77976008972493,55.706615
2019-09-30,8056.19,169.96773293473223,54.314339
2019-10-01,8301.76,181.46348764761225,56.089233
2019-10-02,8330.62,176.08297028633893,56.013378
2019-10-03,8384.51,180.86814187939407,56.534790
2019-10-04,8206.45,175.10315984368916,56.523712
2019-10-05,8157.3,175.17272555833298,56.809544
2019-10-06,8150.97,176.3561116005156,56.835426
2019-10-07,7860.01,170.2276143099523,55.342026
2019-10-08,8208.67,180.4518129035046,57.793385
2019-10-09,8188.17,180.8522811746926,57.420483
2019-10-10,8592.01,193.8237482360585,59.401573
2019-10-11,8589.51,191.64901061877774,57.769424
2019-10-12,8272.76,180.90181694373126,56.404388
2019-10-13,8314.22,179.4658735294486,55.941875
2019-10-14,8275.99,181.14594166596135,56.718159
2019-10-15,8355.87,187.72146869274135,57.007320
2019-10-16,8162.95,180.46062290041402,54.986629
2019-10-17,8002.22,174.52186690499434,52.897232
2019-10-18,8074.43,177.25794976426565,54.934757
2019-10-19,7960.68,173.28611713666922,53.465134
2019-10-20,7960,171.84040874271264,54.063122
2019-10-21,8227,174.98561817802803,54.916088
2019-10-22,8212.76,174.11557793082625,54.928261
2019-10-23,8023.14,171.40244328979767,53.753723
2019-10-24,7468.81,162.4085147862716,49.683434
2019-10-25,7458.57,160.63665472877366,50.114281
2019-10-26,8670.24,182.2610862038145,56.945976
2019-10-27,9272.28,179.67545322016966,56.802624
2019-10-28,9547.18,183.8760885343296,59.919800
2019-10-29,9219.51,181.55853867730036,58.051361
2019-10-30,9432.41,190.7067475108567,59.865326
2019-10-31,9171.01,183.25056659880167,58.363445
2019-11-01,9154,181.95635924049972,58.746315
2019-11-02,9246.88,183.67345391086394,58.579086
2019-11-03,9307.58,183.1808560003665,58.592102
2019-11-04,9200,181.75412776985382,58.595737
2019-11-05,9415.61,186.01425905213375,61.577427
2019-11-06,9318.5,188.79581719006808,63.345425
2019-11-07,9350.07,191.41639440815905,64.239006
2019-11-08,9202.17,186.67840722077074,61.877556
2019-11-09,8768.14,183.86517014238933,60.486755
2019-11-10,8809.33,184.78258878232873,61.897144
2019-11-11,9040.12,189.1983738186735,63.779156
2019-11-12,8721.54,184.84753544211398,61.933453
2019-11-13,8814.3,187.16101293098052,61.370422
2019-11-14,8761.75,188.17112576539182,61.077152
2019-11-15,8626.66,184.75060662992306,59.480595
2019-11-16,8457.18,180.14932541910986,57.788300
2019-11-17,8479.81,182.28872341644998,58.604748
2019-11-18,8500,183.75618056438188,59.570045
2019-11-19,8174.11,178.01637565547315,56.804165
2019-11-20,8120.8,175.78306098410357,55.633770
2019-11-21,8079,174.43898641490762,55.284191
2019-11-22,7615,161.0021919818479,50.879673
2019-11-23,7286.95,149.77547007460316,47.622330
2019-11-24,7329.11,152.27432603347458,48.714859
2019-11-25,6912.89,140.16832682661757,44.769817
2019-11-26,7121.7,145.98360344685705,45.814106
2019-11-27,7162.9,147.37928212134418,47.164562
2019-11-28,7520.11,152.75030409303335,48.002125
2019-11-29,7430.53,150.41697561870606,47.091339
2019-11-30,7758.35,154.50646751104887,48.912785
2019-12-01,7554.19,151.33352245391765,47.463898
2019-12-02,7400.18,151.2990415523953,47.651470
2019-12-03,7301.55,148.85859238533868,45.775471
2019-12-04,7301.37,147.28295348967504,45.399948
2019-12-05,7192.73,145.47726578766085,45.142643
2019-12-06,7393.19,148.21884330971247,45.287910
2019-12-07,7543.71,148.81384518942502,45.673733
2019-12-08,7500,147.3563670073904,45.682270
2019-12-09,7528.05,150.62471141709162,45.899914
2019-12-10,7340.21,147.454153410487,45.012054
2019-12-11,7221.4,145.64543596686372,44.610558
2019-12-12,7200.5,144.04874101525633,43.922695
2019-12-13,7193.42,144.8679241815425,44.011265
2019-12-14,7250.14,144.77280860504737,44.449570
2019-12-15,7072.7,141.92528534375134,43.845940
2019-12-16,7120.14,142.50837731717277,43.784161
2019-12-17,6881.25,132.6581892014758,40.358624
2019-12-18,6615.06,122.08771324884925,37.116276
2019-12-19,7292.61,133.3981151776918,40.793453
2019-12-20,7155,128.18484454662394,39.939907
2019-12-21,7186.87,128.3207426576894,40.304817
2019-12-22,7140.34,127.04364845248867,40.010098
2019-12-23,7513.12,132.3609942908188,41.954311
2019-12-24,7316.57,127.90551928967994,40.862877
2019-12-25,7260.75,127.72892758377274,40.734570
2019-12-26,7192.6,125.08787852744331,40.608425
2019-12-27,7195.83,125.63895995938813,40.261745
2019-12-28,7241.66,126.29579817491538,41.165157
2019-12-29,7300.7,128.07225317987076,42.797741
2019-12-30,7390.42,134.36175440612917,43.753933
2019-12-31,7216.27,131.44536808360178,42.766113
2020-01-01,7165.9,128.90400616613147,41.326534
2020-01-02,7175.2,130.49649124961167,42.018085
2020-01-03,6944.9,127.07060275860758,39.863129
2020-01-04,7333,134.38588635442218,42.383526
2020-01-05,7352.82,134.43283577679884,43.291382
2020-01-06,7351.77,135.2760969663837,43.603893
2020-01-07,7762.72,144.3169114853878,45.838680
2020-01-08,8158.5,142.94689098954402,46.448353
2020-01-09,8042.02,140.61097159468306,45.622269
2020-01-10,7820.01,137.77128526366323,45.211540
2020-01-11,8190.89,144.79459443008628,48.633858
2020-01-12,8023.48,142.27286537727167,49.319157
2020-01-13,8173.14,146.83859674460817,51.122311
2020-01-14,8110,143.5804299523064,49.697361
2020-01-15,8827.01,163.41228224260675,58.390266
2020-01-16,8813.5,166.60532787191238,58.047962
2020-01-17,8715.01,164.09837630621163,57.642967
2020-01-18,8900.45,169.4460090480485,61.302834
2020-01-19,8907.78,174.02265776884897,59.445709
2020-01-20,8700.66,167.03339245707224,57.781528
2020-01-21,8627.64,166.79253178789395,57.233521
2020-01-22,8716.76,169.72956717540447,57.639591
2020-01-23,8664.08,168.0282546319371,58.350388
2020-01-24,8391.37,162.89467150349927,54.643814
2020-01-25,8425.18,162.54977217812686,54.564056
2020-01-26,8330.01,159.38918037087532,53.687065
2020-01-27,8583.74,168.19181253770242,56.275341
2020-01-28,8901.8,170.1222130257984,58.768562
2020-01-29,9399,176.08481836008738,60.663769
2020-01-30,9280.04,173.64827305089324,60.013916
2020-01-31,9497.68,184.5698102382626,68.179039
2020-02-01,9330.55,179.83443084570143,67.908516
2020-02-02,9380.6,183.61890679172038,70.802345
2020-02-03,9321,188.34941060330237,69.992584
2020-02-04,9278.51,189.709750314015,69.769485
2020-02-05,9167.01,188.61264722912753,68.114609
2020-02-06,9615.04,203.86417948339835,72.532379
2020-02-07,9761.36,213.22794900332457,73.467918
2020-02-08,9816.97,223.3407607516225,74.395378
2020-02-09,9912.53,223.20540273147745,76.449097
2020-02-10,10168.41,228.6242655476988,77.143051
2020-02-11,9860.08,223.12229144271816,74.346077
2020-02-12,10269.46,237.64721508743443,76.493523
2020-02-13,10352.74,265.667859407272,81.229721
2020-02-14,10245.39,268.8727374986472,80.375511
2020-02-15,10372.74,286.01771621987496,83.025452
2020-02-16,9903.34,264.55987746748775,76.729309
2020-02-17,9933.8,258.90261183183935,74.968086
2020-02-18,9705.1,268.24832812393123,73.185623
2020-02-19,10187.97,282.5524861719143,77.075516
2020-02-20,9597.25,258.9455107369171,70.981949
2020-02-21,9610.11,257.27748901537444,69.570442
2020-02-22,9703.44,265.3899179032672,73.485863
2020-02-23,9675.67,261.82394753715016,75.074013
2020-02-24,9977.24,274.9631278536587,79.559517
2020-02-25,9665.85,265.98968818560536,75.495399
2020-02-26,9311.4,245.64353723778686,71.180382
2020-02-27,8780.08,223.80920717424485,61.027927
2020-02-28,8809.86,227.64236944695665,61.437935
2020-02-29,8704.88,227.42943841602087,59.748737
2020-03-01,8525.13,218.4562983061487,58.530544
2020-03-02,8528.4,217.62787373029033,57.984009
2020-03-03,8912.92,231.86332105482768,61.020573
2020-03-04,8751.88,223.95274207727266,61.143494
2020-03-05,8757.05,224.49813202462326,60.402779
2020-03-06,9067.35,228.11663173898103,62.049889
2020-03-07,9158.02,246.0742117443013,63.022015
2020-03-08,8902.65,236.50226811298876,60.579117
2020-03-09,8038.84,201.82051852530319,51.638126
2020-03-10,7932.95,203.74431176904486,50.479828
2020-03-11,7881.02,200.70250277549465,50.263767
2020-03-12,7935.49,194.74153037255863,48.449230
2020-03-13,4830.45,111.27525766632907,31.004513
2020-03-14,5653.03,133.9682939527657,37.536198
2020-03-15,5169.05,122.83997572025268,34.409904
2020-03-16,5343.45,123.37050859139266,36.445911
2020-03-17,5035.56,112.00131914634935,32.903088
2020-03-18,5343.07,116.31330774481295,33.555664
2020-03-19,5420.45,118.44731882700115,33.721718
2020-03-20,6191.02,137.19908562774762,39.108093
2020-03-21,6205.18,133.5257154986304,38.077866
2020-03-22,6208.45,132.0549204548972,38.371738
2020-03-23,5839.44,122.37650845715618,35.577431
2020-03-24,6500,136.40927505907067,38.747993
2020-03-25,6775.57,138.38408318303016,40.479458
2020-03-26,6694.73,137.00111731139108,39.172966
2020-03-27,6728.44,139.18088030433756,40.183334
2020-03-28,6378.4,130.03797792540757,38.862179
2020-03-29,6258.01,131.28651872509627,38.865280
2020-03-30,5882.7,124.85548443909873,37.264854
2020-03-31,6406.91,132.18339492391158,39.119137
2020-04-01,6428.54,133.23306863816646,39.284687
2020-04-02,6666.16,137.74417231124445,39.363480
2020-04-03,6801,141.1892877499303,39.887630
2020-04-04,6740.88,141.4666997664803,40.344578
2020-04-05,6870.2,144.99180509097104,40.690037
2020-04-06,6775.21,142.92906370640188,40.658787
2020-04-07,7336.96,170.97226680371668,44.402138
2020-04-08,7201.81,164.6413228096378,44.678623
2020-04-09,7369.6,172.6302634218197,46.348034
2020-04-10,7315.25,169.81610130362347,46.400341
,20000,,
